assists,bonus,bps,clean_sheets,creativity,element,fixture,goals_conceded,goals_scored,ict_index,influence,kickoff_time,minutes,opponent_team,own_goals,penalties_missed,penalties_saved,red_cards,round,saves,selected,team_a_score,team_h_score,threat,total_points,transfers_balance,transfers_in,transfers_out,value,was_home,yellow_cards,name_first,name_last,name,season,element_type,team,points,wins,draws,losses,goals_for,goals_against,goals_diff,played,yc,rc,position,next_fixture_team,next_fixture_position,next_fixture_points,next_fixture_wins,next_fixture_draws,next_fixture_losses,next_fixture_goals_for,next_fixture_goals_against,next_fixture_goals_diff,next_fixture_played,next_fixture_yc,next_fixture_rc
0,0,0,0,0.0,1,2,0,0,0.0,0.0,2020-09-12T11:30:00Z,0,8,0,0,0,0,1,0,76656,3,0,0.0,0,0,0,0,70,False,0,Mesut,Özil,Mesut_Özil,2020,3,1.0,3,1,0,0,3,0,3,1,2,0,1,19,18,0,0,0,1,0,2,-2,1,2,0
0,0,0,0,0.0,2,2,0,0,0.0,0.0,2020-09-12T11:30:00Z,0,8,0,0,0,0,1,0,12184,3,0,0.0,0,0,0,0,50,False,0,Sokratis,Papastathopoulos,Sokratis_Papastathopoulos,2020,2,1.0,3,1,0,0,3,0,3,1,2,0,1,19,18,0,0,0,1,0,2,-2,1,2,0
0,0,0,0,0.0,3,2,0,0,0.0,0.0,2020-09-12T11:30:00Z,0,8,0,0,0,0,1,0,69564,3,0,0.0,0,0,0,0,55,False,0,David,Luiz Moreira Marinho,David_Luiz Moreira Marinho,2020,2,1.0,3,1,0,0,3,0,3,1,2,0,1,19,18,0,0,0,1,0,2,-2,1,2,0
0,0,19,1,15.3,4,2,0,1,10.6,36.6,2020-09-12T11:30:00Z,90,8,0,0,0,0,1,0,2823465,3,0,54.0,7,0,0,0,120,False,1,Pierre-Emerick,Aubameyang,Pierre-Emerick_Aubameyang,2020,3,1.0,3,1,0,0,3,0,3,1,2,0,1,19,18,0,0,0,1,0,2,-2,1,2,0
0,0,0,0,0.0,5,2,0,0,0.0,0.0,2020-09-12T11:30:00Z,0,8,0,0,0,0,1,0,35774,3,0,0.0,0,0,0,0,50,False,0,Cédric,Soares,Cédric_Soares,2020,2,1.0,3,1,0,0,3,0,3,1,2,0,1,19,18,0,0,0,1,0,2,-2,1,2,0
0,1,29,1,12.7,6,2,0,1,9.9,38.6,2020-09-12T11:30:00Z,86,8,0,0,0,0,1,0,196064,3,0,48.0,7,0,0,0,85,False,0,Alexandre,Lacazette,Alexandre_Lacazette,2020,4,1.0,3,1,0,0,3,0,3,1,2,0,1,19,18,0,0,0,1,0,2,-2,1,2,0
0,0,0,0,0.0,7,2,0,0,0.0,0.0,2020-09-12T11:30:00Z,0,8,0,0,0,0,1,0,899,3,0,0.0,0,0,0,0,50,False,0,Shkodran,Mustafi,Shkodran_Mustafi,2020,2,1.0,3,1,0,0,3,0,3,1,2,0,1,19,18,0,0,0,1,0,2,-2,1,2,0
0,1,29,1,0.0,8,2,0,0,1.4,14.0,2020-09-12T11:30:00Z,90,8,0,0,0,0,1,2,400285,3,0,0.0,7,0,0,0,50,False,0,Bernd,Leno,Bernd_Leno,2020,1,1.0,3,1,0,0,3,0,3,1,2,0,1,19,18,0,0,0,1,0,2,-2,1,2,0
0,0,11,1,17.2,9,2,0,0,4.5,6.8,2020-09-12T11:30:00Z,77,8,0,0,0,0,1,0,42909,3,0,21.0,3,0,0,0,55,False,0,Granit,Xhaka,Granit_Xhaka,2020,3,1.0,3,1,0,0,3,0,3,1,2,0,1,19,18,0,0,0,1,0,2,-2,1,2,0
0,0,0,0,0.0,10,2,0,0,0.0,0.0,2020-09-12T11:30:00Z,0,8,0,0,0,0,1,0,769,3,0,0.0,0,0,0,0,45,False,0,Pablo,Marí,Pablo_Marí,2020,2,1.0,3,1,0,0,3,0,3,1,2,0,1,19,18,0,0,0,1,0,2,-2,1,2,0
0,0,23,1,26.4,11,2,0,0,4.0,9.8,2020-09-12T11:30:00Z,90,8,0,0,0,0,1,0,240975,3,0,4.0,5,0,0,0,50,False,1,Héctor,Bellerín,Héctor_Bellerín,2020,2,1.0,3,1,0,0,3,0,3,1,2,0,1,19,18,0,0,0,1,0,2,-2,1,2,0
0,0,0,0,0.0,13,2,0,0,0.0,0.0,2020-09-12T11:30:00Z,0,8,0,0,0,0,1,0,1043,3,0,0.0,0,0,0,0,45,False,0,Calum,Chambers,Calum_Chambers,2020,2,1.0,3,1,0,0,3,0,3,1,2,0,1,19,18,0,0,0,1,0,2,-2,1,2,0
0,0,0,0,0.0,14,2,0,0,0.0,0.0,2020-09-12T11:30:00Z,0,8,0,0,0,0,1,0,17088,3,0,0.0,0,0,0,0,50,False,0,Sead,Kolasinac,Sead_Kolasinac,2020,2,1.0,3,1,0,0,3,0,3,1,2,0,1,19,18,0,0,0,1,0,2,-2,1,2,0
0,0,21,1,2.8,15,2,0,0,1.7,10.2,2020-09-12T11:30:00Z,90,8,0,0,0,0,1,0,112927,3,0,4.0,6,0,0,0,50,False,0,Ainsley,Maitland-Niles,Ainsley_Maitland-Niles,2020,2,1.0,3,1,0,0,3,0,3,1,2,0,1,19,18,0,0,0,1,0,2,-2,1,2,0
0,0,28,1,1.2,16,2,0,0,2.2,20.6,2020-09-12T11:30:00Z,90,8,0,0,0,0,1,0,71148,3,0,0.0,6,0,0,0,45,False,0,Rob,Holding,Rob_Holding,2020,2,1.0,3,1,0,0,3,0,3,1,2,0,1,19,18,0,0,0,1,0,2,-2,1,2,0
0,0,25,1,2.5,17,2,0,0,1.7,12.8,2020-09-12T11:30:00Z,90,8,0,0,0,0,1,0,686005,3,0,2.0,6,0,0,0,55,False,0,Kieran,Tierney,Kieran_Tierney,2020,2,1.0,3,1,0,0,3,0,3,1,2,0,1,19,18,0,0,0,1,0,2,-2,1,2,0
0,0,3,0,15.3,18,2,0,0,2.3,2.0,2020-09-12T11:30:00Z,15,8,0,0,0,0,1,0,132947,3,0,6.0,1,0,0,0,80,False,0,Nicolas,Pépé,Nicolas_Pépé,2020,3,1.0,3,1,0,0,3,0,3,1,2,0,1,19,18,0,0,0,1,0,2,-2,1,2,0
0,0,0,0,0.0,19,2,0,0,0.0,0.0,2020-09-12T11:30:00Z,0,8,0,0,0,0,1,0,15039,3,0,0.0,0,0,0,0,50,False,0,Lucas,Torreira,Lucas_Torreira,2020,3,1.0,3,1,0,0,3,0,3,1,2,0,1,19,18,0,0,0,1,0,2,-2,1,2,0
0,0,0,0,0.0,20,2,0,0,0.0,0.0,2020-09-12T11:30:00Z,0,8,0,0,0,0,1,0,7504,3,0,0.0,0,0,0,0,50,False,0,Joseph,Willock,Joseph_Willock,2020,3,1.0,3,1,0,0,3,0,3,1,2,0,1,19,18,0,0,0,1,0,2,-2,1,2,0
0,0,0,0,0.0,21,2,0,0,0.0,0.0,2020-09-12T11:30:00Z,0,8,0,0,0,0,1,0,5478,3,0,0.0,0,0,0,0,55,False,0,Reiss,Nelson,Reiss_Nelson,2020,3,1.0,3,1,0,0,3,0,3,1,2,0,1,19,18,0,0,0,1,0,2,-2,1,2,0
0,0,3,0,0.0,22,2,0,0,0.0,0.0,2020-09-12T11:30:00Z,3,8,0,0,0,0,1,0,112190,3,0,0.0,1,0,0,0,60,False,0,Edward,Nketiah,Edward_Nketiah,2020,4,1.0,3,1,0,0,3,0,3,1,2,0,1,19,18,0,0,0,1,0,2,-2,1,2,0
0,0,0,0,0.0,23,2,0,0,0.0,0.0,2020-09-12T11:30:00Z,0,8,0,0,0,0,1,0,17820,3,0,0.0,0,0,0,0,45,False,0,Emile,Smith Rowe,Emile_Smith Rowe,2020,3,1.0,3,1,0,0,3,0,3,1,2,0,1,19,18,0,0,0,1,0,2,-2,1,2,0
0,0,0,0,0.0,24,2,0,0,0.0,0.0,2020-09-12T11:30:00Z,0,8,0,0,0,0,1,0,491508,3,0,0.0,0,0,0,0,55,False,0,Bukayo,Saka,Bukayo_Saka,2020,3,1.0,3,1,0,0,3,0,3,1,2,0,1,19,18,0,0,0,1,0,2,-2,1,2,0
0,0,0,0,0.0,25,2,0,0,0.0,0.0,2020-09-12T11:30:00Z,0,8,0,0,0,0,1,0,11041,3,0,0.0,0,0,0,0,50,False,0,Matteo,Guendouzi,Matteo_Guendouzi,2020,3,1.0,3,1,0,0,3,0,3,1,2,0,1,19,18,0,0,0,1,0,2,-2,1,2,0
0,0,0,0,0.0,26,2,0,0,0.0,0.0,2020-09-12T11:30:00Z,0,8,0,0,0,0,1,0,2608,3,0,0.0,0,0,0,0,50,False,0,Gabriel Teodoro,Martinelli Silva,Gabriel Teodoro_Martinelli Silva,2020,3,1.0,3,1,0,0,3,0,3,1,2,0,1,19,18,0,0,0,1,0,2,-2,1,2,0
0,0,0,0,0.0,27,2,0,0,0.0,0.0,2020-09-12T11:30:00Z,0,8,0,0,0,0,1,0,216705,3,0,0.0,0,0,0,0,45,False,0,William,Saliba,William_Saliba,2020,2,1.0,3,1,0,0,3,0,3,1,2,0,1,19,18,0,0,0,1,0,2,-2,1,2,0
0,0,0,0,0.0,53,7,0,0,0.0,0.0,2020-09-14T19:15:00Z,0,5,0,0,0,0,1,0,17313,3,1,0.0,0,0,0,0,50,True,0,Glenn,Murray,Glenn_Murray,2020,4,3.0,0,0,0,1,1,3,-2,1,1,0,16,14,4,3,1,0,0,2,0,2,1,2,0
0,0,6,0,27.2,54,7,1,0,3.6,6.8,2020-09-14T19:15:00Z,44,5,0,0,0,0,1,0,78657,3,1,2.0,1,0,0,0,65,True,0,Adam,Lallana,Adam_Lallana,2020,3,3.0,0,0,0,1,1,3,-2,1,1,0,16,14,4,3,1,0,0,2,0,2,1,2,0
0,0,0,0,0.0,55,7,0,0,0.0,0.0,2020-09-14T19:15:00Z,0,5,0,0,0,0,1,0,849631,3,1,0.0,0,0,0,0,45,True,0,Dale,Stephens,Dale_Stephens,2020,3,4.0,0,0,0,0,0,0,0,0,0,0,10,9,2,3,1,0,0,3,0,3,1,1,0
0,0,0,0,0.0,56,5,0,0,0.0,0.0,2020-09-13T13:00:00Z,0,9,0,0,0,0,1,0,299163,3,0,0.0,0,0,0,0,40,True,0,David,Button,David_Button,2020,1,18.0,0,0,0,1,0,3,-3,1,1,0,20,7,8,3,1,0,0,1,0,1,1,0,0
0,0,4,0,0.3,57,7,0,0,0.3,2.6,2020-09-14T19:15:00Z,11,5,0,0,0,0,1,0,10256,3,1,0.0,1,0,0,0,60,True,0,Pascal,Groß,Pascal_Groß,2020,3,3.0,0,0,0,1,1,3,-2,1,1,0,16,14,4,3,1,0,0,2,0,2,1,2,0
0,0,0,0,0.0,58,7,0,0,0.0,0.0,2020-09-14T19:15:00Z,0,5,0,0,0,0,1,0,7211,3,1,0.0,0,0,0,0,45,True,0,Shane,Duffy,Shane_Duffy,2020,2,3.0,0,0,0,1,1,3,-2,1,1,0,16,14,4,3,1,0,0,2,0,2,1,2,0
0,0,0,0,0.0,59,7,0,0,0.0,0.0,2020-09-14T19:15:00Z,0,5,0,0,0,0,1,0,6355,3,1,0.0,0,0,0,0,50,True,0,Davy,Pröpper,Davy_Pröpper,2020,3,3.0,0,0,0,1,1,3,-2,1,1,0,16,14,4,3,1,0,0,2,0,2,1,2,0
0,0,0,0,0.0,60,7,0,0,0.0,0.0,2020-09-14T19:15:00Z,0,5,0,0,0,0,1,0,2010,3,1,0.0,0,0,0,0,50,True,0,Aaron,Mooy,Aaron_Mooy,2020,3,3.0,0,0,0,1,1,3,-2,1,1,0,16,14,4,3,1,0,0,2,0,2,1,2,0
0,0,0,0,0.0,61,7,0,0,0.0,0.0,2020-09-14T19:15:00Z,0,5,0,0,0,0,1,0,51065,3,1,0.0,0,0,0,0,45,True,0,Dan,Burn,Dan_Burn,2020,2,3.0,0,0,0,1,1,3,-2,1,1,0,16,14,4,3,1,0,0,2,0,2,1,2,0
0,0,16,0,1.2,62,7,3,0,2.9,20.4,2020-09-14T19:15:00Z,90,5,0,0,0,0,1,0,531265,3,1,7.0,1,0,0,0,50,True,0,Lewis,Dunk,Lewis_Dunk,2020,2,3.0,0,0,0,1,1,3,-2,1,1,0,16,14,4,3,1,0,0,2,0,2,1,2,0
0,0,0,0,0.0,63,7,0,0,0.0,0.0,2020-09-14T19:15:00Z,0,5,0,0,0,0,1,0,1315,3,1,0.0,0,0,0,0,45,True,0,Martín,Montoya,Martín_Montoya,2020,2,3.0,0,0,0,1,1,3,-2,1,1,0,16,14,4,3,1,0,0,2,0,2,1,2,0
0,0,0,0,0.0,64,7,0,0,0.0,0.0,2020-09-14T19:15:00Z,0,5,0,0,0,0,1,0,22063,3,1,0.0,0,0,0,0,50,True,0,Florin,Andone,Florin_Andone,2020,4,3.0,0,0,0,1,1,3,-2,1,1,0,16,14,4,3,1,0,0,2,0,2,1,2,0
0,0,16,0,18.2,65,7,3,0,5.4,15.4,2020-09-14T19:15:00Z,90,5,0,0,0,0,1,0,2728,3,1,20.0,2,0,0,0,50,True,0,Solomon,March,Solomon_March,2020,3,3.0,0,0,0,1,1,3,-2,1,1,0,16,14,4,3,1,0,0,2,0,2,1,2,0
0,0,14,0,11.8,66,7,3,0,2.8,14.8,2020-09-14T19:15:00Z,90,5,0,0,0,0,1,0,187445,3,1,1.0,1,0,0,0,45,True,0,Adam,Webster,Adam_Webster,2020,2,3.0,0,0,0,1,1,3,-2,1,1,0,16,14,4,3,1,0,0,2,0,2,1,2,0
0,0,0,0,0.0,67,7,0,0,0.0,0.0,2020-09-14T19:15:00Z,0,5,0,0,0,0,1,0,22681,3,1,0.0,0,0,0,0,45,True,0,Joël,Veltman,Joël_Veltman,2020,2,3.0,0,0,0,1,1,3,-2,1,1,0,16,14,4,3,1,0,0,2,0,2,1,2,0
0,0,1,0,1.0,68,7,3,0,0.7,0.0,2020-09-14T19:15:00Z,90,5,0,0,0,0,1,0,102974,3,1,8.0,2,0,0,0,65,True,0,Neal,Maupay,Neal_Maupay,2020,4,3.0,0,0,0,1,1,3,-2,1,1,0,16,14,4,3,1,0,0,2,0,2,1,2,0
0,1,28,0,27.6,69,7,3,1,7.9,40.8,2020-09-14T19:15:00Z,90,5,0,0,0,0,1,0,24123,3,1,11.0,8,0,0,0,60,True,0,Leandro,Trossard,Leandro_Trossard,2020,3,3.0,0,0,0,1,1,3,-2,1,1,0,16,14,4,3,1,0,0,2,0,2,1,2,0
0,0,12,0,0.0,70,7,3,0,1.2,11.6,2020-09-14T19:15:00Z,90,5,0,0,0,0,1,2,1121565,3,1,0.0,1,0,0,0,45,True,0,Mathew,Ryan,Mathew_Ryan,2020,1,3.0,0,0,0,1,1,3,-2,1,1,0,16,14,4,3,1,0,0,2,0,2,1,2,0
0,0,3,0,0.7,71,7,0,0,0.5,4.4,2020-09-14T19:15:00Z,11,5,0,0,0,0,1,0,3104,3,1,0.0,1,0,0,0,55,True,0,Alireza,Jahanbakhsh,Alireza_Jahanbakhsh,2020,3,3.0,0,0,0,1,1,3,-2,1,1,0,16,14,4,3,1,0,0,2,0,2,1,2,0
0,0,0,0,0.0,72,7,0,0,0.0,0.0,2020-09-14T19:15:00Z,0,5,0,0,0,0,1,0,133,3,1,0.0,0,0,0,0,55,True,0,José,Izquierdo,José_Izquierdo,2020,3,3.0,0,0,0,1,1,3,-2,1,1,0,16,14,4,3,1,0,0,2,0,2,1,2,0
0,0,0,0,0.0,73,7,0,0,0.0,0.0,2020-09-14T19:15:00Z,0,5,0,0,0,0,1,0,622,3,1,0.0,0,0,0,0,45,True,0,Matthew,Clarke,Matthew_Clarke,2020,2,3.0,0,0,0,1,1,3,-2,1,1,0,16,14,4,3,1,0,0,2,0,2,1,2,0
0,0,16,0,0.8,74,7,3,0,1.5,14.2,2020-09-14T19:15:00Z,78,5,0,0,0,0,1,0,103827,3,1,0.0,1,0,0,0,45,True,0,Ben,White,Ben_White,2020,2,3.0,0,0,0,1,1,3,-2,1,1,0,16,14,4,3,1,0,0,2,0,2,1,2,0
0,0,0,0,0.0,75,7,0,0,0.0,0.0,2020-09-14T19:15:00Z,0,5,0,0,0,0,1,0,824870,3,1,0.0,0,0,0,0,40,True,0,Bernardo,Fernandes da Silva Junior,Bernardo_Fernandes da Silva Junior,2020,2,3.0,0,0,0,1,1,3,-2,1,1,0,16,14,4,3,1,0,0,2,0,2,1,2,0
0,0,13,0,3.8,76,7,3,0,1.7,8.4,2020-09-14T19:15:00Z,90,5,0,0,0,0,1,0,269810,3,1,5.0,2,0,0,0,45,True,0,Yves,Bissouma,Yves_Bissouma,2020,3,3.0,0,0,0,1,1,3,-2,1,1,0,16,14,4,3,1,0,0,2,0,2,1,2,0
1,0,22,0,27.3,77,7,3,0,8.1,33.8,2020-09-14T19:15:00Z,90,5,0,0,0,0,1,0,114860,3,1,20.0,3,0,0,0,45,True,1,Tariq,Lamptey,Tariq_Lamptey,2020,2,3.0,0,0,0,1,1,3,-2,1,1,0,16,14,4,3,1,0,0,2,0,2,1,2,0
0,0,-3,0,0.3,78,7,2,0,3.4,1.2,2020-09-14T19:15:00Z,45,5,0,0,0,0,1,0,32205,3,1,32.0,1,0,0,0,55,True,0,Aaron,Connolly,Aaron_Connolly,2020,4,3.0,0,0,0,1,1,3,-2,1,1,0,16,14,4,3,1,0,0,2,0,2,1,2,0
0,0,14,0,24.0,79,7,3,0,5.4,13.4,2020-09-14T19:15:00Z,78,5,0,0,0,0,1,0,21938,3,1,17.0,2,0,0,0,45,True,0,Steven,Alzate,Steven_Alzate,2020,3,3.0,0,0,0,1,1,3,-2,1,1,0,16,14,4,3,1,0,0,2,0,2,1,2,0
0,0,0,0,0.0,80,7,0,0,0.0,0.0,2020-09-14T19:15:00Z,0,5,0,0,0,0,1,0,3939,3,1,0.0,0,0,0,0,55,True,0,Alexis,Mac Allister,Alexis_Mac Allister,2020,3,3.0,0,0,0,1,1,3,-2,1,1,0,16,14,4,3,1,0,0,2,0,2,1,2,0
0,0,0,0,0.0,101,7,0,0,0.0,0.0,2020-09-14T19:15:00Z,0,3,0,0,0,0,1,0,20402,3,1,0.0,0,0,0,0,50,False,0,Willy,Caballero,Willy_Caballero,2020,1,5.0,3,1,0,0,3,1,2,1,0,0,3,11,6,3,1,0,0,4,3,1,1,1,0
0,0,3,0,0.5,102,7,0,0,0.3,0.4,2020-09-14T19:15:00Z,5,3,0,0,0,0,1,0,469354,3,1,2.0,1,0,0,0,60,False,0,César,Azpilicueta,César_Azpilicueta,2020,2,5.0,3,1,0,0,3,1,2,1,0,0,3,11,6,3,1,0,0,4,3,1,1,1,0
0,0,0,0,0.0,103,7,0,0,0.0,0.0,2020-09-14T19:15:00Z,0,3,0,0,0,0,1,0,75648,3,1,0.0,0,0,0,0,70,False,0,Olivier,Giroud,Olivier_Giroud,2020,4,5.0,3,1,0,0,3,1,2,1,0,0,3,11,6,3,1,0,0,4,3,1,1,1,0
0,0,14,0,3.7,104,7,1,0,2.4,17.8,2020-09-14T19:15:00Z,90,3,0,0,0,0,1,0,205442,3,1,2.0,2,0,0,0,60,False,0,Marcos,Alonso,Marcos_Alonso,2020,2,5.0,3,1,0,0,3,1,2,1,0,0,3,11,6,3,1,0,0,4,3,1,1,1,0
1,2,43,0,23.2,105,7,1,1,10.1,60.8,2020-09-14T19:15:00Z,84,3,0,0,0,0,1,0,104796,3,1,17.0,12,0,0,0,50,False,0,Jorge Luiz,Frello Filho,Jorge Luiz_Frello Filho,2020,3,5.0,3,1,0,0,3,1,2,1,0,0,3,11,6,3,1,0,0,4,3,1,1,1,0
0,0,1,0,11.8,106,7,0,0,2.3,4.2,2020-09-14T19:15:00Z,29,3,0,0,0,0,1,0,17874,3,1,7.0,1,0,0,0,60,False,0,Ross,Barkley,Ross_Barkley,2020,3,2.0,0,0,0,0,0,0,0,0,0,0,9,15,17,0,0,0,1,0,2,-2,1,2,0
0,0,0,0,0.0,107,7,0,0,0.0,0.0,2020-09-14T19:15:00Z,0,3,0,0,0,0,1,0,7235,3,1,0.0,0,0,0,0,55,False,0,Mateo,Kovacic,Mateo_Kovacic,2020,3,5.0,3,1,0,0,3,1,2,1,0,0,3,11,6,3,1,0,0,4,3,1,1,1,0
0,0,0,0,0.0,108,1,0,0,0.0,0.0,2020-09-12T14:00:00Z,0,16,0,0,0,0,1,0,121096,0,1,0.0,0,0,0,0,60,True,0,Michy,Batshuayi,Michy_Batshuayi,2020,4,6.0,3,1,0,0,1,0,1,1,2,0,7,13,12,0,0,0,0,0,0,0,0,0,0
0,0,0,0,0.0,109,7,0,0,0.0,0.0,2020-09-14T19:15:00Z,0,3,0,0,0,0,1,0,133067,3,1,0.0,0,0,0,0,50,False,0,Antonio,Rüdiger,Antonio_Rüdiger,2020,2,5.0,3,1,0,0,3,1,2,1,0,0,3,11,6,3,1,0,0,4,3,1,1,1,0
0,0,25,0,0.2,110,7,1,1,6.9,51.8,2020-09-14T19:15:00Z,90,3,0,0,0,0,1,0,53224,3,1,17.0,8,0,0,0,50,False,0,Kurt,Zouma,Kurt_Zouma,2020,2,5.0,3,1,0,0,3,1,2,1,0,0,3,11,6,3,1,0,0,4,3,1,1,1,0
0,0,0,0,0.0,111,7,0,0,0.0,0.0,2020-09-14T19:15:00Z,0,3,0,0,0,0,1,0,11017,3,1,0.0,0,0,0,0,50,False,0,Emerson,Palmieri dos Santos,Emerson_Palmieri dos Santos,2020,2,5.0,3,1,0,0,3,1,2,1,0,0,3,11,6,3,1,0,0,4,3,1,1,1,0
0,0,12,0,0.0,112,7,1,0,1.0,10.4,2020-09-14T19:15:00Z,90,3,0,0,0,0,1,2,132136,3,1,0.0,2,0,0,0,50,False,0,Kepa,Arrizabalaga,Kepa_Arrizabalaga,2020,1,5.0,3,1,0,0,3,1,2,1,0,0,3,11,6,3,1,0,0,4,3,1,1,1,0
0,0,19,0,2.8,113,7,1,0,2.4,17.2,2020-09-14T19:15:00Z,90,3,0,0,0,0,1,0,234920,3,1,4.0,2,0,0,0,50,False,0,N'Golo,Kanté,N'Golo_Kanté,2020,3,5.0,3,1,0,0,3,1,2,1,0,0,3,11,6,3,1,0,0,4,3,1,1,1,0
0,0,0,0,0.0,114,7,0,0,0.0,0.0,2020-09-14T19:15:00Z,0,3,0,0,0,0,1,0,139604,3,1,0.0,0,0,0,0,80,False,0,Hakim,Ziyech,Hakim_Ziyech,2020,3,5.0,3,1,0,0,3,1,2,1,0,0,3,11,6,3,1,0,0,4,3,1,1,1,0
0,0,2,0,1.3,115,7,1,0,0.0,0.0,2020-09-14T19:15:00Z,60,3,0,0,0,0,1,0,10507,3,1,0.0,2,0,0,0,60,False,0,Ruben,Loftus-Cheek,Ruben_Loftus-Cheek,2020,3,8.0,0,0,0,1,0,3,-3,1,2,0,19,10,13,0,0,0,1,3,4,-1,1,0,0
0,0,14,0,0.7,116,7,1,0,2.1,17.8,2020-09-14T19:15:00Z,90,3,0,0,0,0,1,0,17362,3,1,2.0,2,0,0,0,50,False,0,Andreas,Christensen,Andreas_Christensen,2020,2,5.0,3,1,0,0,3,1,2,1,0,0,3,11,6,3,1,0,0,4,3,1,1,1,0
1,0,10,0,11.7,117,7,1,0,9.6,4.8,2020-09-14T19:15:00Z,90,3,0,0,0,0,1,0,2838333,3,1,79.0,5,0,0,0,95,False,0,Timo,Werner,Timo_Werner,2020,4,5.0,3,1,0,0,3,1,2,1,0,0,3,11,6,3,1,0,0,4,3,1,1,1,0
0,0,0,0,0.0,118,7,0,0,0.0,0.0,2020-09-14T19:15:00Z,0,3,0,0,0,0,1,0,278989,3,1,0.0,0,0,0,0,75,False,0,Tammy,Abraham,Tammy_Abraham,2020,4,5.0,3,1,0,0,3,1,2,1,0,0,3,11,6,3,1,0,0,4,3,1,1,1,0
0,0,0,0,0.0,119,7,0,0,0.0,0.0,2020-09-14T19:15:00Z,0,3,0,0,0,0,1,0,650190,3,1,0.0,0,0,0,0,85,False,0,Christian,Pulisic,Christian_Pulisic,2020,3,5.0,3,1,0,0,3,1,2,1,0,0,3,11,6,3,1,0,0,4,3,1,1,1,0
0,0,9,0,28.6,120,7,1,0,5.1,13.6,2020-09-14T19:15:00Z,90,3,0,0,0,0,1,0,518922,3,1,9.0,2,0,0,0,70,False,0,Mason,Mount,Mason_Mount,2020,3,5.0,3,1,0,0,3,1,2,1,0,0,3,11,6,3,1,0,0,4,3,1,1,1,0
0,0,0,0,0.0,121,7,0,0,0.0,0.0,2020-09-14T19:15:00Z,0,3,0,0,0,0,1,0,21251,3,1,0.0,0,0,0,0,50,False,0,Fikayo,Tomori,Fikayo_Tomori,2020,2,5.0,3,1,0,0,3,1,2,1,0,0,3,11,6,3,1,0,0,4,3,1,1,1,0
0,0,3,0,1.3,122,7,0,0,0.2,0.8,2020-09-14T19:15:00Z,10,3,0,0,0,0,1,0,28187,3,1,0.0,1,0,0,0,60,False,0,Callum,Hudson-Odoi,Callum_Hudson-Odoi,2020,3,5.0,3,1,0,0,3,1,2,1,0,0,3,11,6,3,1,0,0,4,3,1,1,1,0
1,3,44,0,30.3,123,7,1,1,11.8,76.8,2020-09-14T19:15:00Z,90,3,0,0,0,0,1,0,304155,3,1,11.0,14,0,0,0,50,False,0,Reece,James,Reece_James,2020,2,5.0,3,1,0,0,3,1,2,1,0,0,3,11,6,3,1,0,0,4,3,1,1,1,0
0,0,0,0,0.0,124,7,0,0,0.0,0.0,2020-09-14T19:15:00Z,0,3,0,0,0,0,1,0,10890,3,1,0.0,0,0,0,0,45,False,0,Billy,Gilmour,Billy_Gilmour,2020,3,5.0,3,1,0,0,3,1,2,1,0,0,3,11,6,3,1,0,0,4,3,1,1,1,0
0,0,0,0,0.0,125,1,0,0,0.0,0.0,2020-09-12T14:00:00Z,0,16,0,0,0,0,1,0,5946,0,1,0.0,0,0,0,0,45,True,0,Gary,Cahill,Gary_Cahill,2020,2,6.0,3,1,0,0,1,0,1,1,2,0,7,13,12,0,0,0,0,0,0,0,0,0,0
0,0,0,0,0.0,126,1,0,0,0.0,0.0,2020-09-12T14:00:00Z,0,16,0,0,0,0,1,0,49581,0,1,0.0,0,0,0,0,45,True,0,Wayne,Hennessey,Wayne_Hennessey,2020,1,6.0,3,1,0,0,1,0,1,1,2,0,7,13,12,0,0,0,0,0,0,0,0,0,0
0,0,0,0,0.0,127,1,0,0,0.0,0.0,2020-09-12T14:00:00Z,0,16,0,0,0,0,1,0,1486,0,1,0.0,0,0,0,0,45,True,0,Mamadou,Sakho,Mamadou_Sakho,2020,2,6.0,3,1,0,0,1,0,1,1,2,0,7,13,12,0,0,0,0,0,0,0,0,0,0
0,3,31,1,0.0,128,1,0,0,4.1,41.4,2020-09-12T14:00:00Z,90,16,0,0,0,0,1,5,87269,0,1,0.0,10,0,0,0,50,True,0,Vicente,Guaita,Vicente_Guaita,2020,1,6.0,3,1,0,0,1,0,1,1,2,0,7,13,12,0,0,0,0,0,0,0,0,0,0
0,0,0,0,0.0,129,1,0,0,0.0,0.0,2020-09-12T14:00:00Z,0,16,0,0,0,0,1,0,538,0,1,0.0,0,0,0,0,45,True,0,James,Tomkins,James_Tomkins,2020,2,6.0,3,1,0,0,1,0,1,1,2,0,7,13,12,0,0,0,0,0,0,0,0,0,0
0,0,14,1,10.4,130,1,0,0,2.8,11.2,2020-09-12T14:00:00Z,90,16,0,0,0,0,1,0,12911,0,1,6.0,3,0,0,0,55,True,0,James,McArthur,James_McArthur,2020,3,6.0,3,1,0,0,1,0,1,1,2,0,7,13,12,0,0,0,0,0,0,0,0,0,0
0,0,5,1,8.8,131,1,0,0,0.9,0.0,2020-09-12T14:00:00Z,73,16,0,0,0,0,1,0,144113,0,1,0.0,2,0,0,0,45,True,1,James,McCarthy,James_McCarthy,2020,3,6.0,3,1,0,0,1,0,1,1,2,0,7,13,12,0,0,0,0,0,0,0,0,0,0
0,0,0,0,0.0,132,1,0,0,0.0,0.0,2020-09-12T14:00:00Z,0,16,0,0,0,0,1,0,15812,0,1,0.0,0,0,0,0,55,True,0,Christian,Benteke,Christian_Benteke,2020,4,6.0,3,1,0,0,1,0,1,1,2,0,7,13,12,0,0,0,0,0,0,0,0,0,0
0,0,3,1,0.3,133,1,0,0,3.0,12.6,2020-09-12T14:00:00Z,90,16,0,0,0,0,1,0,14565,0,1,17.0,3,0,0,0,50,True,0,Cheikhou,Kouyaté,Cheikhou_Kouyaté,2020,3,6.0,3,1,0,0,1,0,1,1,2,0,7,13,12,0,0,0,0,0,0,0,0,0,0
0,0,22,1,0.7,134,1,0,0,1.4,13.2,2020-09-12T14:00:00Z,90,16,0,0,0,0,1,0,105207,0,1,0.0,6,0,0,0,45,True,0,Joel,Ward,Joel_Ward,2020,2,6.0,3,1,0,0,1,0,1,1,2,0,7,13,12,0,0,0,0,0,0,0,0,0,0
0,0,0,0,0.0,135,1,0,0,0.0,0.0,2020-09-12T14:00:00Z,0,16,0,0,0,0,1,0,79848,0,1,0.0,0,0,0,0,45,True,0,Martin,Kelly,Martin_Kelly,2020,2,6.0,3,1,0,0,1,0,1,1,2,0,7,13,12,0,0,0,0,0,0,0,0,0,0
0,0,0,0,0.0,136,1,0,0,0.0,0.0,2020-09-12T14:00:00Z,0,16,0,0,0,0,1,0,85742,0,1,0.0,0,0,0,0,45,True,0,Connor,Wickham,Connor_Wickham,2020,4,6.0,3,1,0,0,1,0,1,1,2,0,7,13,12,0,0,0,0,0,0,0,0,0,0
1,2,26,1,33.7,137,1,0,0,6.4,28.4,2020-09-12T14:00:00Z,90,16,0,0,0,0,1,0,16534,0,1,2.0,8,0,0,0,60,True,0,Andros,Townsend,Andros_Townsend,2020,3,6.0,3,1,0,0,1,0,1,1,2,0,7,13,12,0,0,0,0,0,0,0,0,0,0
0,0,6,0,28.3,138,1,0,0,3.4,6.0,2020-09-12T14:00:00Z,16,16,0,0,0,0,1,0,57448,0,1,0.0,1,0,0,0,60,True,0,Luka,Milivojevic,Luka_Milivojevic,2020,3,6.0,3,1,0,0,1,0,1,1,2,0,7,13,12,0,0,0,0,0,0,0,0,0,0
0,0,0,0,0.0,139,1,0,0,0.0,0.0,2020-09-12T14:00:00Z,0,16,0,0,0,0,1,0,5818,0,1,0.0,0,0,0,0,55,True,0,Patrick,van Aanholt,Patrick_van Aanholt,2020,2,6.0,3,1,0,0,1,0,1,1,2,0,7,13,12,0,0,0,0,0,0,0,0,0,0
0,0,-7,1,0.8,140,1,0,0,2.9,9.2,2020-09-12T14:00:00Z,90,16,0,0,0,0,1,0,403544,0,1,19.0,2,0,0,0,60,True,0,Jordan,Ayew,Jordan_Ayew,2020,4,6.0,3,1,0,0,1,0,1,1,2,0,7,13,12,0,0,0,0,0,0,0,0,0,0
0,0,18,1,1.4,141,1,0,1,5.4,31.6,2020-09-12T14:00:00Z,90,16,0,0,0,0,1,0,461359,0,1,21.0,8,0,0,0,70,True,0,Wilfried,Zaha,Wilfried_Zaha,2020,3,6.0,3,1,0,0,1,0,1,1,2,0,7,13,12,0,0,0,0,0,0,0,0,0,0
0,0,3,1,0.1,142,1,0,0,0.1,1.2,2020-09-12T14:00:00Z,80,16,0,0,0,0,1,0,5393,0,1,0.0,2,0,0,0,55,True,1,Jeffrey,Schlupp,Jeffrey_Schlupp,2020,3,6.0,3,1,0,0,1,0,1,1,2,0,7,13,12,0,0,0,0,0,0,0,0,0,0
0,0,0,0,0.0,143,1,0,0,0.0,0.0,2020-09-12T14:00:00Z,0,16,0,0,0,0,1,0,3437,0,1,0.0,0,0,0,0,50,True,0,Max,Meyer,Max_Meyer,2020,3,6.0,3,1,0,0,1,0,1,1,2,0,7,13,12,0,0,0,0,0,0,0,0,0,0
0,0,0,0,0.0,144,1,0,0,0.0,0.0,2020-09-12T14:00:00Z,0,16,0,0,0,0,1,0,11161,0,1,0.0,0,0,0,0,45,True,0,Jairo,Riedewald,Jairo_Riedewald,2020,3,6.0,3,1,0,0,1,0,1,1,2,0,7,13,12,0,0,0,0,0,0,0,0,0,0
0,0,0,0,0.0,145,1,0,0,0.0,0.0,2020-09-12T14:00:00Z,0,16,0,0,0,0,1,0,113206,0,1,0.0,0,0,0,0,40,True,0,Nathan,Ferguson,Nathan_Ferguson,2020,2,6.0,3,1,0,0,1,0,1,1,2,0,7,13,12,0,0,0,0,0,0,0,0,0,0
0,0,23,1,0.7,146,1,0,0,1.8,17.6,2020-09-12T14:00:00Z,90,16,0,0,0,0,1,0,783246,0,1,0.0,6,0,0,0,40,True,0,Tyrick,Mitchell,Tyrick_Mitchell,2020,2,6.0,3,1,0,0,1,0,1,1,2,0,7,13,12,0,0,0,0,0,0,0,0,0,0
0,0,0,0,0.0,147,1,0,0,0.0,0.0,2020-09-12T14:00:00Z,0,16,0,0,0,0,1,0,6682,0,1,0.0,0,0,0,0,45,True,0,Brandon,Pierrick,Brandon_Pierrick,2020,3,6.0,3,1,0,0,1,0,1,1,2,0,7,13,12,0,0,0,0,0,0,0,0,0,0
0,0,0,0,0.0,148,4,0,0,0.0,0.0,2020-09-13T15:30:00Z,0,17,0,0,0,0,1,0,14946,1,0,0.0,0,0,0,0,60,False,0,Theo,Walcott,Theo_Walcott,2020,3,16.0,0,0,0,1,0,1,-1,1,1,0,14,17,15,0,0,0,1,0,1,-1,1,1,0
0,0,0,0,0.0,149,4,0,0,0.0,0.0,2020-09-13T15:30:00Z,0,17,0,0,0,0,1,0,3638,1,0,0.0,0,0,0,0,50,False,0,Fabian,Delph,Fabian_Delph,2020,3,7.0,3,1,0,0,1,0,1,1,0,0,8,18,20,0,0,0,1,0,3,-3,1,1,0
0,0,3,0,0.3,150,4,0,0,0.3,2.4,2020-09-13T15:30:00Z,22,17,0,0,0,0,1,0,99837,1,0,0.0,1,0,0,0,70,False,0,Gylfi,Sigurdsson,Gylfi_Sigurdsson,2020,3,7.0,3,1,0,0,1,0,1,1,0,0,8,18,20,0,0,0,1,0,3,-3,1,1,0
0,0,0,0,0.0,151,4,0,0,0.0,0.0,2020-09-13T15:30:00Z,0,17,0,0,0,0,1,0,9107,1,0,0.0,0,0,0,0,45,False,0,Jonas,Lössl,Jonas_Lössl,2020,1,7.0,3,1,0,0,1,0,1,1,0,0,8,18,20,0,0,0,1,0,3,-3,1,1,0
0,0,28,1,12.1,152,4,0,0,4.3,24.0,2020-09-13T15:30:00Z,90,17,0,0,0,0,1,0,41401,1,0,7.0,6,0,0,0,50,False,0,Seamus,Coleman,Seamus_Coleman,2020,2,7.0,3,1,0,0,1,0,1,1,0,0,8,18,20,0,0,0,1,0,3,-3,1,1,0
0,0,0,0,0.0,153,4,0,0,0.0,0.0,2020-09-13T15:30:00Z,0,17,0,0,0,0,1,0,444,1,0,0.0,0,0,0,0,60,False,0,Cenk,Tosun,Cenk_Tosun,2020,4,7.0,3,1,0,0,1,0,1,1,0,0,8,18,20,0,0,0,1,0,3,-3,1,1,0
0,0,0,0,0.0,154,4,0,0,0.0,0.0,2020-09-13T15:30:00Z,0,17,0,0,0,0,1,0,10689,1,0,0.0,0,0,0,0,60,False,0,Bernard,Anício Caldeira Duarte,Bernard_Anício Caldeira Duarte,2020,3,7.0,3,1,0,0,1,0,1,1,0,0,8,18,20,0,0,0,1,0,3,-3,1,1,0
1,3,38,1,19.9,155,4,0,0,6.1,40.8,2020-09-13T15:30:00Z,90,17,0,0,0,0,1,0,397204,1,0,0.0,12,0,0,0,60,False,0,Lucas,Digne,Lucas_Digne,2020,2,7.0,3,1,0,0,1,0,1,1,0,0,8,18,20,0,0,0,1,0,3,-3,1,1,0
0,0,29,1,0.1,156,4,0,0,2.6,25.8,2020-09-13T15:30:00Z,90,17,0,0,0,0,1,0,101537,1,0,0.0,6,0,0,0,50,False,0,Michael,Keane,Michael_Keane,2020,2,7.0,3,1,0,0,1,0,1,1,0,0,8,18,20,0,0,0,1,0,3,-3,1,1,0
0,1,32,1,0.0,157,4,0,0,3.9,38.6,2020-09-13T15:30:00Z,90,17,0,0,0,0,1,5,270083,1,0,0.0,8,0,0,0,50,False,0,Jordan,Pickford,Jordan_Pickford,2020,1,7.0,3,1,0,0,1,0,1,1,0,0,8,18,20,0,0,0,1,0,3,-3,1,1,0
0,0,11,1,3.3,158,4,0,0,2.7,3.8,2020-09-13T15:30:00Z,67,17,0,0,0,0,1,0,21001,1,0,20.0,3,0,0,0,55,False,0,André Filipe,Tavares Gomes,André Filipe_Tavares Gomes,2020,3,7.0,3,1,0,0,1,0,1,1,0,0,8,18,20,0,0,0,1,0,3,-3,1,1,0
0,0,0,0,0.0,159,4,0,0,0.0,0.0,2020-09-13T15:30:00Z,0,17,0,0,0,0,1,0,10789,1,0,0.0,0,0,0,0,60,False,0,Alex,Iwobi,Alex_Iwobi,2020,3,7.0,3,1,0,0,1,0,1,1,0,0,8,18,20,0,0,0,1,0,3,-3,1,1,0
0,0,0,0,0.0,160,4,0,0,0.0,0.0,2020-09-13T15:30:00Z,0,17,0,0,0,0,1,0,12770,1,0,0.0,0,0,0,0,45,False,0,Jonjoe,Kenny,Jonjoe_Kenny,2020,2,7.0,3,1,0,0,1,0,1,1,0,0,8,18,20,0,0,0,1,0,3,-3,1,1,0
0,0,0,0,0.0,161,4,0,0,0.0,0.0,2020-09-13T15:30:00Z,0,17,0,0,0,0,1,0,109,1,0,0.0,0,0,0,0,50,False,0,Jean-Philippe,Gbamin,Jean-Philippe_Gbamin,2020,3,7.0,3,1,0,0,1,0,1,1,0,0,8,18,20,0,0,0,1,0,3,-3,1,1,0
0,0,27,1,0.4,162,4,0,0,2.5,23.2,2020-09-13T15:30:00Z,90,17,0,0,0,0,1,0,54492,1,0,1.0,6,0,0,0,55,False,0,Yerry,Mina,Yerry_Mina,2020,2,7.0,3,1,0,0,1,0,1,1,0,0,8,18,20,0,0,0,1,0,3,-3,1,1,0
0,0,4,0,0.0,163,4,0,0,0.2,2.0,2020-09-13T15:30:00Z,1,17,0,0,0,0,1,0,8045,1,0,0.0,1,0,0,0,55,False,0,Tom,Davies,Tom_Davies,2020,3,7.0,3,1,0,0,1,0,1,1,0,0,8,18,20,0,0,0,1,0,3,-3,1,1,0
0,2,34,1,13.7,164,4,0,1,8.6,38.4,2020-09-13T15:30:00Z,88,17,0,0,0,0,1,0,387691,1,0,34.0,8,0,0,0,70,False,0,Dominic,Calvert-Lewin,Dominic_Calvert-Lewin,2020,4,7.0,3,1,0,0,1,0,1,1,0,0,8,18,20,0,0,0,1,0,3,-3,1,1,0
0,0,0,0,0.0,165,4,0,0,0.0,0.0,2020-09-13T15:30:00Z,0,17,0,0,0,0,1,0,8203,1,0,0.0,0,0,0,0,50,False,0,Mason,Holgate,Mason_Holgate,2020,2,7.0,3,1,0,0,1,0,1,1,0,0,8,18,20,0,0,0,1,0,3,-3,1,1,0
0,0,17,1,13.8,166,4,0,0,10.7,26.2,2020-09-13T15:30:00Z,90,17,0,0,0,0,1,0,583310,1,0,67.0,2,0,0,0,80,False,0,Richarlison,de Andrade,Richarlison_de Andrade,2020,4,7.0,3,1,0,0,1,0,1,1,0,0,8,18,20,0,0,0,1,0,3,-3,1,1,0
0,0,0,0,0.0,167,4,0,0,0.0,0.0,2020-09-13T15:30:00Z,0,17,0,0,0,0,1,0,5051,1,0,0.0,0,0,0,0,45,False,0,João,Virgínia,João_Virgínia,2020,1,7.0,3,1,0,0,1,0,1,1,0,0,8,18,20,0,0,0,1,0,3,-3,1,1,0
0,0,0,0,0.0,168,4,0,0,0.0,0.0,2020-09-13T15:30:00Z,0,17,0,0,0,0,1,0,49378,1,0,0.0,0,0,0,0,45,False,0,Anthony,Gordon,Anthony_Gordon,2020,3,7.0,3,1,0,0,1,0,1,1,0,0,8,18,20,0,0,0,1,0,3,-3,1,1,0
0,0,2,0,0.0,169,4,0,0,0.4,0.0,2020-09-13T15:30:00Z,1,17,0,0,0,0,1,0,28479,1,0,4.0,1,0,0,0,60,False,0,Moise,Kean,Moise_Kean,2020,4,7.0,3,1,0,0,1,0,1,1,0,0,8,18,20,0,0,0,1,0,3,-3,1,1,0
0,0,0,0,0.0,170,4,0,0,0.0,0.0,2020-09-13T15:30:00Z,0,17,0,0,0,0,1,0,252603,1,0,0.0,0,0,0,0,40,False,0,Jarrad,Branthwaite,Jarrad_Branthwaite,2020,2,7.0,3,1,0,0,1,0,1,1,0,0,8,18,20,0,0,0,1,0,3,-3,1,1,0
0,0,0,0,0.0,171,2,0,0,0.0,0.0,2020-09-12T11:30:00Z,0,1,0,0,0,0,1,0,117641,3,0,0.0,0,0,0,0,40,True,0,Fabricio,Agosto Ramírez,Fabricio_Agosto Ramírez,2020,1,8.0,0,0,0,1,0,3,-3,1,2,0,19,10,13,0,0,0,1,3,4,-1,1,0,0
0,0,0,0,0.0,172,2,0,0,0.0,0.0,2020-09-12T11:30:00Z,0,1,0,0,0,0,1,0,5028,3,0,0.0,0,0,0,0,50,True,0,Kevin,McDonald,Kevin_McDonald,2020,3,8.0,0,0,0,1,0,3,-3,1,2,0,19,10,13,0,0,0,1,3,4,-1,1,0,0
0,0,0,0,0.0,173,2,0,0,0.0,0.0,2020-09-12T11:30:00Z,0,1,0,0,0,0,1,0,11972,3,0,0.0,0,0,0,0,45,True,0,Maxime,Le Marchand,Maxime_Le Marchand,2020,2,8.0,0,0,0,1,0,3,-3,1,2,0,19,10,13,0,0,0,1,3,4,-1,1,0,0
0,0,0,0,0.0,174,2,0,0,0.0,0.0,2020-09-12T11:30:00Z,0,1,0,0,0,0,1,0,3144,3,0,0.0,0,0,0,0,50,True,0,Stefan,Johansen,Stefan_Johansen,2020,3,8.0,0,0,0,1,0,3,-3,1,2,0,19,10,13,0,0,0,1,3,4,-1,1,0,0
0,0,11,0,10.2,175,2,3,0,1.7,7.0,2020-09-12T11:30:00Z,90,1,0,0,0,0,1,0,19025,3,0,0.0,1,0,0,0,55,True,1,Tom,Cairney,Tom_Cairney,2020,3,8.0,0,0,0,1,0,3,-3,1,2,0,19,10,13,0,0,0,1,3,4,-1,1,0,0
0,0,16,0,0.8,176,2,3,0,1.7,16.4,2020-09-12T11:30:00Z,90,1,0,0,0,0,1,0,10082,3,0,0.0,1,0,0,0,45,True,0,Tim,Ream,Tim_Ream,2020,2,8.0,0,0,0,1,0,3,-3,1,2,0,19,10,13,0,0,0,1,3,4,-1,1,0,0
0,0,0,0,0.0,177,2,0,0,0.0,0.0,2020-09-12T11:30:00Z,0,1,0,0,0,0,1,0,12640,3,0,0.0,0,0,0,0,55,True,0,Anthony,Knockaert,Anthony_Knockaert,2020,3,8.0,0,0,0,1,0,3,-3,1,2,0,19,10,13,0,0,0,1,3,4,-1,1,0,0
0,0,12,0,0.6,178,2,3,0,1.7,16.8,2020-09-12T11:30:00Z,90,1,0,0,0,0,1,0,19305,3,0,0.0,0,0,0,0,45,True,1,Michael,Hector,Michael_Hector,2020,2,8.0,0,0,0,1,0,3,-3,1,2,0,19,10,13,0,0,0,1,3,4,-1,1,0,0
0,0,0,0,0.0,179,2,0,0,0.0,0.0,2020-09-12T11:30:00Z,0,1,0,0,0,0,1,0,10166,3,0,0.0,0,0,0,0,45,True,0,Cyrus,Christie,Cyrus_Christie,2020,2,8.0,0,0,0,1,0,3,-3,1,2,0,19,10,13,0,0,0,1,3,4,-1,1,0,0
0,0,7,0,2.7,180,2,3,0,2.2,1.0,2020-09-12T11:30:00Z,62,1,0,0,0,0,1,0,9467,3,0,18.0,2,0,0,0,50,True,0,Neeskens,Kebano,Neeskens_Kebano,2020,3,8.0,0,0,0,1,0,3,-3,1,2,0,19,10,13,0,0,0,1,3,4,-1,1,0,0
0,0,4,0,0.4,181,2,0,0,0.2,0.0,2020-09-12T11:30:00Z,15,1,0,0,0,0,1,0,8412,3,0,2.0,1,0,0,0,55,True,0,Bobby,Decordova-Reid,Bobby_Decordova-Reid,2020,4,8.0,0,0,0,1,0,3,-3,1,2,0,19,10,13,0,0,0,1,3,4,-1,1,0,0
0,0,12,0,4.3,182,2,3,0,1.5,10.6,2020-09-12T11:30:00Z,90,1,0,0,0,0,1,0,60330,3,0,0.0,1,0,0,0,50,True,0,Joe,Bryan,Joe_Bryan,2020,2,8.0,0,0,0,1,0,3,-3,1,2,0,19,10,13,0,0,0,1,3,4,-1,1,0,0
0,0,0,0,0.0,183,2,0,0,0.0,0.0,2020-09-12T11:30:00Z,0,1,0,0,0,0,1,0,6306,3,0,0.0,0,0,0,0,45,True,0,Marcus,Bettinelli,Marcus_Bettinelli,2020,1,8.0,0,0,0,1,0,3,-3,1,2,0,19,10,13,0,0,0,1,3,4,-1,1,0,0
0,0,3,0,0.3,184,2,0,0,1.0,3.0,2020-09-12T11:30:00Z,27,1,0,0,0,0,1,0,1435176,3,0,7.0,1,0,0,0,60,True,0,Aleksandar,Mitrović,Aleksandar_Mitrović,2020,4,8.0,0,0,0,1,0,3,-3,1,2,0,19,10,13,0,0,0,1,3,4,-1,1,0,0
0,0,0,0,0.0,185,2,0,0,0.0,0.0,2020-09-12T11:30:00Z,0,1,0,0,0,0,1,0,1789,3,0,0.0,0,0,0,0,45,True,0,Alfie,Mawson,Alfie_Mawson,2020,2,8.0,0,0,0,1,0,3,-3,1,2,0,19,10,13,0,0,0,1,3,4,-1,1,0,0
0,0,11,0,0.0,186,2,3,0,1.8,18.2,2020-09-12T11:30:00Z,90,1,0,0,0,0,1,2,27465,3,0,0.0,1,0,0,0,45,True,0,Marek,Rodák,Marek_Rodák,2020,1,8.0,0,0,0,1,0,3,-3,1,2,0,19,10,13,0,0,0,1,3,4,-1,1,0,0
0,0,10,0,26.4,187,2,3,0,3.4,7.4,2020-09-12T11:30:00Z,90,1,0,0,0,0,1,0,7285,3,0,0.0,2,0,0,0,55,True,0,Ivan Ricardo,Neves Abreu Cavaleiro,Ivan Ricardo_Neves Abreu Cavaleiro,2020,3,8.0,0,0,0,1,0,3,-3,1,2,0,19,10,13,0,0,0,1,3,4,-1,1,0,0
0,0,3,0,3.1,188,2,3,0,1.1,8.2,2020-09-12T11:30:00Z,74,1,0,0,0,0,1,0,11895,3,0,0.0,2,0,0,0,50,True,0,Josh,Onomah,Josh_Onomah,2020,3,8.0,0,0,0,1,0,3,-3,1,2,0,19,10,13,0,0,0,1,3,4,-1,1,0,0
0,0,0,0,0.0,189,2,0,0,0.0,0.0,2020-09-12T11:30:00Z,0,1,0,0,0,0,1,0,8146,3,0,0.0,0,0,0,0,50,True,0,Jean Michaël,Seri,Jean Michaël_Seri,2020,3,8.0,0,0,0,1,0,3,-3,1,2,0,19,10,13,0,0,0,1,3,4,-1,1,0,0
0,0,-2,0,1.8,190,2,3,0,0.2,0.0,2020-09-12T11:30:00Z,62,1,0,0,0,0,1,0,6711,3,0,5.0,2,0,0,0,50,True,0,Aboubakar,Kamara,Aboubakar_Kamara,2020,3,8.0,0,0,0,1,0,3,-3,1,2,0,19,10,13,0,0,0,1,3,4,-1,1,0,0
0,0,4,0,11.8,191,2,0,0,2.6,14.4,2020-09-12T11:30:00Z,27,1,0,0,0,0,1,0,50068,3,0,0.0,1,0,0,0,45,True,0,André-Frank,Zambo Anguissa,André-Frank_Zambo Anguissa,2020,3,8.0,0,0,0,1,0,3,-3,1,2,0,19,10,13,0,0,0,1,3,4,-1,1,0,0
0,0,0,0,0.0,192,2,0,0,0.0,0.0,2020-09-12T11:30:00Z,0,1,0,0,0,0,1,0,10480,3,0,0.0,0,0,0,0,45,True,0,Zeze Steven,Sessegnon,Zeze Steven_Sessegnon,2020,2,8.0,0,0,0,1,0,3,-3,1,2,0,19,10,13,0,0,0,1,3,4,-1,1,0,0
0,0,8,0,2.9,193,3,3,0,1.3,7.6,2020-09-12T16:30:00Z,61,11,0,0,0,0,1,0,111474,3,4,2.0,2,0,0,0,60,False,0,Pablo,Hernández Domínguez,Pablo_Hernández Domínguez,2020,3,10.0,0,0,0,1,3,4,-1,1,0,0,13,8,19,0,0,0,1,0,3,-3,1,2,0
0,0,0,0,0.0,194,3,0,0,0.0,0.0,2020-09-12T16:30:00Z,0,11,0,0,0,0,1,0,149614,3,4,0.0,0,0,0,0,45,False,0,Francisco,Casilla Cortés,Francisco_Casilla Cortés,2020,1,10.0,0,0,0,1,3,4,-1,1,0,0,13,8,19,0,0,0,1,0,3,-3,1,2,0
0,0,0,0,0.0,195,3,0,0,0.0,0.0,2020-09-12T16:30:00Z,0,11,0,0,0,0,1,0,51620,3,4,0.0,0,0,0,0,45,False,0,Liam,Cooper,Liam_Cooper,2020,2,10.0,0,0,0,1,3,4,-1,1,0,0,13,8,19,0,0,0,1,0,3,-3,1,2,0
0,0,0,0,0.0,196,3,0,0,0.0,0.0,2020-09-12T16:30:00Z,0,11,0,0,0,0,1,0,920095,3,4,0.0,0,0,0,0,40,False,0,Barry,Douglas,Barry_Douglas,2020,2,10.0,0,0,0,1,3,4,-1,1,0,0,13,8,19,0,0,0,1,0,3,-3,1,2,0
0,0,15,0,4.3,197,3,4,0,4.0,35.6,2020-09-12T16:30:00Z,90,11,0,0,0,0,1,0,237865,3,4,0.0,0,0,0,0,45,False,0,Luke,Ayling,Luke_Ayling,2020,2,10.0,0,0,0,1,3,4,-1,1,0,0,13,8,19,0,0,0,1,0,3,-3,1,2,0
0,2,33,0,4.8,198,3,3,1,8.3,54.8,2020-09-12T16:30:00Z,80,11,0,0,0,0,1,0,34553,3,4,23.0,9,0,0,0,55,False,0,Mateusz,Klich,Mateusz_Klich,2020,3,10.0,0,0,0,1,3,4,-1,1,0,0,13,8,19,0,0,0,1,0,3,-3,1,2,0
0,0,0,0,0.0,199,3,0,0,0.0,0.0,2020-09-12T16:30:00Z,0,11,0,0,0,0,1,0,2009,3,4,0.0,0,0,0,0,50,False,0,Adam,Forshaw,Adam_Forshaw,2020,3,10.0,0,0,0,1,3,4,-1,1,0,0,13,8,19,0,0,0,1,0,3,-3,1,2,0
1,0,21,0,1.3,200,3,4,0,2.7,23.2,2020-09-12T16:30:00Z,90,11,0,0,0,0,1,0,256415,3,4,2.0,3,0,0,0,45,False,0,Stuart,Dallas,Stuart_Dallas,2020,2,10.0,0,0,0,1,3,4,-1,1,0,0,13,8,19,0,0,0,1,0,3,-3,1,2,0
0,0,0,0,0.0,201,3,0,0,0.0,0.0,2020-09-12T16:30:00Z,0,11,0,0,0,0,1,0,44238,3,4,0.0,0,0,0,0,45,False,0,Ezgjan,Alioski,Ezgjan_Alioski,2020,2,10.0,0,0,0,1,3,4,-1,1,0,0,13,8,19,0,0,0,1,0,3,-3,1,2,0
0,1,28,0,0.5,202,3,3,1,6.8,40.0,2020-09-12T16:30:00Z,61,11,0,0,0,0,1,0,226666,3,4,27.0,7,0,0,0,55,False,0,Patrick,Bamford,Patrick_Bamford,2020,4,10.0,0,0,0,1,3,4,-1,1,0,0,13,8,19,0,0,0,1,0,3,-3,1,2,0
0,0,23,0,6.5,203,3,4,1,6.9,43.6,2020-09-12T16:30:00Z,90,11,0,0,0,0,1,0,30491,3,4,19.0,7,0,0,0,55,False,0,Jack,Harrison,Jack_Harrison,2020,3,10.0,0,0,0,1,3,4,-1,1,0,0,13,8,19,0,0,0,1,0,3,-3,1,2,0
1,0,24,0,24.6,204,3,4,0,6.2,36.4,2020-09-12T16:30:00Z,90,11,0,0,0,0,1,0,138291,3,4,1.0,5,0,0,0,50,False,0,Kalvin,Phillips,Kalvin_Phillips,2020,3,10.0,0,0,0,1,3,4,-1,1,0,0,13,8,19,0,0,0,1,0,3,-3,1,2,0
1,0,18,0,14.9,205,3,4,0,4.7,25.6,2020-09-12T16:30:00Z,90,11,0,0,0,0,1,0,18135,3,4,6.0,5,0,0,0,55,False,0,Hélder Wander,Sousa de Azevedo e Costa,Hélder Wander_Sousa de Azevedo e Costa,2020,3,10.0,0,0,0,1,3,4,-1,1,0,0,13,8,19,0,0,0,1,0,3,-3,1,2,0
0,0,5,0,0.0,206,3,1,0,0.7,7.2,2020-09-12T16:30:00Z,28,11,0,0,0,0,1,0,4908,3,4,0.0,1,0,0,0,50,False,0,Tyler,Roberts,Tyler_Roberts,2020,3,10.0,0,0,0,1,3,4,-1,1,0,0,13,8,19,0,0,0,1,0,3,-3,1,2,0
0,0,0,0,0.0,207,3,0,0,0.0,0.0,2020-09-12T16:30:00Z,0,11,0,0,0,0,1,0,2425,3,4,0.0,0,0,0,0,50,False,0,Jay-Roy,Grot,Jay-Roy_Grot,2020,3,10.0,0,0,0,1,3,4,-1,1,0,0,13,8,19,0,0,0,1,0,3,-3,1,2,0
0,0,0,0,0.0,208,3,0,0,0.0,0.0,2020-09-12T16:30:00Z,0,11,0,0,0,0,1,0,137480,3,4,0.0,0,0,0,0,40,False,0,Kamil,Miazek,Kamil_Miazek,2020,1,10.0,0,0,0,1,3,4,-1,1,0,0,13,8,19,0,0,0,1,0,3,-3,1,2,0
0,0,0,0,0.0,209,3,0,0,0.0,0.0,2020-09-12T16:30:00Z,0,11,0,0,0,0,1,0,20257,3,4,0.0,0,0,0,0,45,False,0,Ian Carlo,Poveda-Ocampo,Ian Carlo_Poveda-Ocampo,2020,3,10.0,0,0,0,1,3,4,-1,1,0,0,13,8,19,0,0,0,1,0,3,-3,1,2,0
0,0,6,0,0.4,210,3,1,0,0.3,3.0,2020-09-12T16:30:00Z,9,11,0,0,0,0,1,0,3045,3,4,0.0,1,0,0,0,50,False,0,Jamie,Shackleton,Jamie_Shackleton,2020,3,10.0,0,0,0,1,3,4,-1,1,0,0,13,8,19,0,0,0,1,0,3,-3,1,2,0
0,0,19,0,0.1,211,3,4,0,4.1,41.0,2020-09-12T16:30:00Z,90,11,0,0,0,0,1,0,97197,3,4,0.0,0,0,0,0,40,False,0,Pascal,Struijk,Pascal_Struijk,2020,2,10.0,0,0,0,1,3,4,-1,1,0,0,13,8,19,0,0,0,1,0,3,-3,1,2,0
0,0,0,0,0.0,212,3,0,0,0.0,0.0,2020-09-12T16:30:00Z,0,11,0,0,0,0,1,0,91194,3,4,0.0,0,0,0,0,45,False,0,Jordan,Stevens,Jordan_Stevens,2020,3,10.0,0,0,0,1,3,4,-1,1,0,0,13,8,19,0,0,0,1,0,3,-3,1,2,0
0,0,20,0,0.0,213,3,4,0,1.8,17.8,2020-09-12T16:30:00Z,90,11,0,0,0,0,1,3,55373,3,4,0.0,1,0,0,0,45,False,0,Illan,Meslier,Illan_Meslier,2020,1,10.0,0,0,0,1,3,4,-1,1,0,0,13,8,19,0,0,0,1,0,3,-3,1,2,0
0,0,0,0,0.0,214,3,0,0,0.0,0.0,2020-09-12T16:30:00Z,0,11,0,0,0,0,1,0,87393,3,4,0.0,0,0,0,0,40,False,0,Leif,Davis,Leif_Davis,2020,2,10.0,0,0,0,1,3,4,-1,1,0,0,13,8,19,0,0,0,1,0,3,-3,1,2,0
0,0,0,0,0.0,215,3,0,0,0.0,0.0,2020-09-12T16:30:00Z,0,11,0,0,0,0,1,0,52110,3,4,0.0,0,0,0,0,40,False,0,Oliver,Casey,Oliver_Casey,2020,2,10.0,0,0,0,1,3,4,-1,1,0,0,13,8,19,0,0,0,1,0,3,-3,1,2,0
0,0,0,0,0.0,216,5,0,0,0.0,0.0,2020-09-13T13:00:00Z,0,18,0,0,0,0,1,0,5862,3,0,0.0,0,0,0,0,45,False,0,Wes,Morgan,Wes_Morgan,2020,2,9.0,3,1,0,0,3,0,3,1,1,0,2,4,10,0,0,0,0,0,0,0,0,0,0
0,0,21,1,0.0,217,5,0,0,1.2,12.2,2020-09-13T13:00:00Z,90,18,0,0,0,0,1,1,828679,3,0,0.0,6,0,0,0,55,False,0,Kasper,Schmeichel,Kasper_Schmeichel,2020,1,9.0,3,1,0,0,3,0,3,1,1,0,2,4,10,0,0,0,0,0,0,0,0,0,0
0,0,0,0,0.0,218,5,0,0,0.0,0.0,2020-09-13T13:00:00Z,0,18,0,0,0,0,1,0,1369,3,0,0.0,0,0,0,0,45,False,0,Christian,Fuchs,Christian_Fuchs,2020,2,9.0,3,1,0,0,3,0,3,1,1,0,2,4,10,0,0,0,0,0,0,0,0,0,0
0,0,0,0,0.0,219,5,0,0,0.0,0.0,2020-09-13T13:00:00Z,0,18,0,0,0,0,1,0,7125,3,0,0.0,0,0,0,0,55,False,0,Jonny,Evans,Jonny_Evans,2020,2,9.0,3,1,0,0,3,0,3,1,1,0,2,4,10,0,0,0,0,0,0,0,0,0,0
0,0,0,0,0.0,220,5,0,0,0.0,0.0,2020-09-13T13:00:00Z,0,18,0,0,0,0,1,0,39204,3,0,0.0,0,0,0,0,45,False,0,Adrien,Silva,Adrien_Silva,2020,3,9.0,3,1,0,0,3,0,3,1,1,0,2,4,10,0,0,0,0,0,0,0,0,0,0
0,0,3,0,0.8,221,5,0,0,0.1,0.4,2020-09-13T13:00:00Z,23,18,0,0,0,0,1,0,12864,3,0,0.0,1,0,0,0,55,False,0,Marc,Albrighton,Marc_Albrighton,2020,3,9.0,3,1,0,0,3,0,3,1,1,0,2,4,10,0,0,0,0,0,0,0,0,0,0
0,0,0,0,0.0,222,5,0,0,0.0,0.0,2020-09-13T13:00:00Z,0,18,0,0,0,0,1,0,28097,3,0,0.0,0,0,0,0,45,False,0,Matty,James,Matty_James,2020,3,9.0,3,1,0,0,3,0,3,1,1,0,2,4,10,0,0,0,0,0,0,0,0,0,0
0,0,0,0,0.0,223,5,0,0,0.0,0.0,2020-09-13T13:00:00Z,0,18,0,0,0,0,1,0,13251,3,0,0.0,0,0,0,0,45,False,0,Danny,Ward,Danny_Ward,2020,1,9.0,3,1,0,0,3,0,3,1,1,0,2,4,10,0,0,0,0,0,0,0,0,0,0
0,3,52,1,10.3,224,5,0,2,11.8,71.2,2020-09-13T13:00:00Z,90,18,0,0,0,0,1,0,1036141,3,0,36.0,13,0,0,0,100,False,0,Jamie,Vardy,Jamie_Vardy,2020,4,9.0,3,1,0,0,3,0,3,1,1,0,2,4,10,0,0,0,0,0,0,0,0,0,0
1,0,25,1,16.8,225,5,0,0,7.8,27.8,2020-09-13T13:00:00Z,74,18,0,0,0,0,1,0,4535,3,0,33.0,6,0,0,0,55,False,0,Dennis,Praet,Dennis_Praet,2020,3,9.0,3,1,0,0,3,0,3,1,1,0,2,4,10,0,0,0,0,0,0,0,0,0,0
0,0,0,0,0.0,226,5,0,0,0.0,0.0,2020-09-13T13:00:00Z,0,18,0,0,0,0,1,0,8705,3,0,0.0,0,0,0,0,60,False,0,Ricardo Domingos,Barbosa Pereira,Ricardo Domingos_Barbosa Pereira,2020,2,9.0,3,1,0,0,3,0,3,1,1,0,2,4,10,0,0,0,0,0,0,0,0,0,0
0,0,0,0,0.0,227,5,0,0,0.0,0.0,2020-09-13T13:00:00Z,0,18,0,0,0,0,1,0,86735,3,0,0.0,0,0,0,0,40,False,0,Daniel,Amartey,Daniel_Amartey,2020,2,9.0,3,1,0,0,3,0,3,1,1,0,2,4,10,0,0,0,0,0,0,0,0,0,0
0,0,17,1,6.2,228,5,0,0,2.9,13.8,2020-09-13T13:00:00Z,90,18,0,0,0,0,1,0,127919,3,0,9.0,3,0,0,0,65,False,0,Youri,Tielemans,Youri_Tielemans,2020,3,9.0,3,1,0,0,3,0,3,1,1,0,2,4,10,0,0,0,0,0,0,0,0,0,0
0,0,5,1,2.5,229,5,0,0,2.7,0.0,2020-09-13T13:00:00Z,66,18,0,0,0,0,1,0,215629,3,0,24.0,3,0,0,0,65,False,0,Ayoze,Pérez,Ayoze_Pérez,2020,3,9.0,3,1,0,0,3,0,3,1,1,0,2,4,10,0,0,0,0,0,0,0,0,0,0
0,0,0,0,0.0,230,5,0,0,0.0,0.0,2020-09-13T13:00:00Z,0,18,0,0,0,0,1,0,12401,3,0,0.0,0,0,0,0,55,False,0,Demarai,Gray,Demarai_Gray,2020,3,9.0,3,1,0,0,3,0,3,1,1,0,2,4,10,0,0,0,0,0,0,0,0,0,0
0,0,4,0,12.3,231,5,0,0,1.5,2.8,2020-09-13T13:00:00Z,15,18,0,0,0,0,1,0,81625,3,0,0.0,1,0,0,0,70,False,0,James,Maddison,James_Maddison,2020,3,9.0,3,1,0,0,3,0,3,1,1,0,2,4,10,0,0,0,0,0,0,0,0,0,0
0,0,0,0,0.0,232,7,0,0,0.0,0.0,2020-09-14T19:15:00Z,0,3,0,0,0,0,1,0,72270,3,1,0.0,0,0,0,0,55,False,0,Benjamin,Chilwell,Benjamin_Chilwell,2020,2,5.0,3,1,0,0,3,1,2,1,0,0,3,11,6,3,1,0,0,4,3,1,1,1,0
0,0,0,0,0.0,233,5,0,0,0.0,0.0,2020-09-13T13:00:00Z,0,18,0,0,0,0,1,0,41594,3,0,0.0,0,0,0,0,60,False,0,Kelechi,Iheanacho,Kelechi_Iheanacho,2020,4,9.0,3,1,0,0,3,0,3,1,1,0,2,4,10,0,0,0,0,0,0,0,0,0,0
0,0,0,0,0.0,234,5,0,0,0.0,0.0,2020-09-13T13:00:00Z,0,18,0,0,0,0,1,0,5293,3,0,0.0,0,0,0,0,50,False,0,Hamza,Choudhury,Hamza_Choudhury,2020,3,9.0,3,1,0,0,3,0,3,1,1,0,2,4,10,0,0,0,0,0,0,0,0,0,0
0,0,8,1,18.3,235,5,0,0,10.2,18.0,2020-09-13T13:00:00Z,90,18,0,0,0,0,1,0,251556,3,0,66.0,3,0,0,0,70,False,0,Harvey,Barnes,Harvey_Barnes,2020,3,9.0,3,1,0,0,3,0,3,1,1,0,2,4,10,0,0,0,0,0,0,0,0,0,0
0,0,15,1,1.2,236,5,0,0,2.8,27.2,2020-09-13T13:00:00Z,90,18,0,0,0,0,1,0,126755,3,0,0.0,3,0,0,0,50,False,0,Wilfred,Ndidi,Wilfred_Ndidi,2020,3,9.0,3,1,0,0,3,0,3,1,1,0,2,4,10,0,0,0,0,0,0,0,0,0,0
0,0,0,0,0.0,237,5,0,0,0.0,0.0,2020-09-13T13:00:00Z,0,18,0,0,0,0,1,0,6080,3,0,0.0,0,0,0,0,45,False,0,Filip,Benkovic,Filip_Benkovic,2020,2,9.0,3,1,0,0,3,0,3,1,1,0,2,4,10,0,0,0,0,0,0,0,0,0,0
0,0,29,1,1.4,238,5,0,0,2.3,15.6,2020-09-13T13:00:00Z,90,18,0,0,0,0,1,0,771267,3,0,6.0,6,0,0,0,55,False,0,Çaglar,Söyüncü,Çaglar_Söyüncü,2020,2,9.0,3,1,0,0,3,0,3,1,1,0,2,4,10,0,0,0,0,0,0,0,0,0,0
1,1,32,1,13.0,239,5,0,0,3.5,20.0,2020-09-13T13:00:00Z,90,18,0,0,0,0,1,0,681843,3,0,2.0,9,0,0,0,45,False,1,James,Justin,James_Justin,2020,2,9.0,3,1,0,0,3,0,3,1,1,0,2,4,10,0,0,0,0,0,0,0,0,0,0
0,0,0,0,0.0,240,5,0,0,0.0,0.0,2020-09-13T13:00:00Z,0,18,0,0,0,0,1,0,27278,3,0,0.0,0,0,0,0,45,False,0,Luke,Thomas,Luke_Thomas,2020,2,9.0,3,1,0,0,3,0,3,1,1,0,2,4,10,0,0,0,0,0,0,0,0,0,0
0,0,0,0,0.0,241,3,0,0,0.0,0.0,2020-09-12T16:30:00Z,0,10,0,0,0,0,1,0,12449,3,4,0.0,0,0,0,0,55,True,0,James,Milner,James_Milner,2020,3,11.0,3,1,0,0,4,3,1,1,1,0,6,5,3,3,1,0,0,3,1,2,1,0,0
0,0,0,0,0.0,242,3,0,0,0.0,0.0,2020-09-12T16:30:00Z,0,10,0,0,0,0,1,0,3680,3,4,0.0,0,0,0,0,50,True,0,Konstantinos,Tsimikas,Konstantinos_Tsimikas,2020,2,11.0,3,1,0,0,4,3,1,1,1,0,6,5,3,3,1,0,0,3,1,2,1,0,0
0,0,9,0,23.0,243,3,3,0,7.4,15.8,2020-09-12T16:30:00Z,90,10,0,0,0,0,1,0,120632,3,4,35.0,2,0,0,0,55,True,0,Georginio,Wijnaldum,Georginio_Wijnaldum,2020,3,11.0,3,1,0,0,4,3,1,1,1,0,6,5,3,3,1,0,0,3,1,2,1,0,0
0,0,19,0,2.0,244,3,2,0,2.3,14.0,2020-09-12T16:30:00Z,65,10,0,0,0,0,1,0,180668,3,4,7.0,2,0,0,0,55,True,0,Jordan,Henderson,Jordan_Henderson,2020,3,11.0,3,1,0,0,4,3,1,1,1,0,6,5,3,3,1,0,0,3,1,2,1,0,0
0,0,0,0,0.0,245,3,0,0,0.0,0.0,2020-09-12T16:30:00Z,0,10,0,0,0,0,1,0,18419,3,4,0.0,0,0,0,0,45,True,0,Adrián,San Miguel del Castillo,Adrián_San Miguel del Castillo,2020,1,11.0,3,1,0,0,4,3,1,1,1,0,6,5,3,3,1,0,0,3,1,2,1,0,0
0,0,2,0,0.0,246,3,0,0,0.0,0.0,2020-09-12T16:30:00Z,1,10,0,0,0,0,1,0,30541,3,4,0.0,1,0,0,0,55,True,0,Joel,Matip,Joel_Matip,2020,2,11.0,3,1,0,0,4,3,1,1,1,0,6,5,3,3,1,0,0,3,1,2,1,0,0
0,0,0,0,0.0,247,3,0,0,0.0,0.0,2020-09-12T16:30:00Z,0,10,0,0,0,0,1,0,4288,3,4,0.0,0,0,0,0,65,True,0,Xherdan,Shaqiri,Xherdan_Shaqiri,2020,3,11.0,3,1,0,0,4,3,1,1,1,0,6,5,3,3,1,0,0,3,1,2,1,0,0
0,0,0,0,0.0,248,3,0,0,0.0,0.0,2020-09-12T16:30:00Z,0,10,0,0,0,0,1,0,3207,3,4,0.0,0,0,0,0,65,True,0,Alex,Oxlade-Chamberlain,Alex_Oxlade-Chamberlain,2020,3,11.0,3,1,0,0,4,3,1,1,1,0,6,5,3,3,1,0,0,3,1,2,1,0,0
0,0,10,0,7.2,249,3,3,0,5.1,5.8,2020-09-12T16:30:00Z,90,10,0,0,0,0,1,0,248434,3,4,38.0,1,0,0,0,95,True,1,Roberto,Firmino,Roberto_Firmino,2020,4,11.0,3,1,0,0,4,3,1,1,1,0,6,5,3,3,1,0,0,3,1,2,1,0,0
0,0,19,0,0.8,250,3,3,1,7.5,37.6,2020-09-12T16:30:00Z,90,10,0,0,0,0,1,0,1528505,3,4,37.0,7,0,0,0,65,True,0,Virgil,van Dijk,Virgil_van Dijk,2020,2,11.0,3,1,0,0,4,3,1,1,1,0,6,5,3,3,1,0,0,3,1,2,1,0,0
0,0,14,0,45.5,251,3,3,0,13.4,13.2,2020-09-12T16:30:00Z,90,10,0,0,0,0,1,0,807314,3,4,75.0,2,0,0,0,120,True,0,Sadio,Mané,Sadio_Mané,2020,3,11.0,3,1,0,0,4,3,1,1,1,0,6,5,3,3,1,0,0,3,1,2,1,0,0
0,0,9,0,0.0,252,3,3,0,0.4,3.8,2020-09-12T16:30:00Z,90,10,0,0,0,0,1,0,721549,3,4,0.0,1,0,0,0,60,True,0,Alisson,Ramses Becker,Alisson_Ramses Becker,2020,1,11.0,3,1,0,0,4,3,1,1,1,0,6,5,3,3,1,0,0,3,1,2,1,0,0
1,0,13,0,1.0,253,3,1,0,0.7,4.2,2020-09-12T16:30:00Z,32,10,0,0,0,0,1,0,76886,3,4,2.0,4,0,0,0,55,True,0,Fabio Henrique,Tavares,Fabio Henrique_Tavares,2020,3,11.0,3,1,0,0,4,3,1,1,1,0,6,5,3,3,1,0,0,3,1,2,1,0,0
0,3,69,0,50.1,254,3,3,3,32.8,117.2,2020-09-12T16:30:00Z,90,10,0,0,0,0,1,0,1883241,3,4,161.0,20,0,0,0,120,True,0,Mohamed,Salah,Mohamed_Salah,2020,3,11.0,3,1,0,0,4,3,1,1,1,0,6,5,3,3,1,0,0,3,1,2,1,0,0
1,0,20,0,19.6,255,3,3,0,4.7,23.4,2020-09-12T16:30:00Z,90,10,0,0,0,0,1,0,766431,3,4,4.0,4,0,0,0,70,True,0,Andrew,Robertson,Andrew_Robertson,2020,2,11.0,3,1,0,0,4,3,1,1,1,0,6,5,3,3,1,0,0,3,1,2,1,0,0
0,0,0,0,0.0,256,3,0,0,0.0,0.0,2020-09-12T16:30:00Z,0,10,0,0,0,0,1,0,71975,3,4,0.0,0,0,0,0,55,True,0,Divock,Origi,Divock_Origi,2020,4,11.0,3,1,0,0,4,3,1,1,1,0,6,5,3,3,1,0,0,3,1,2,1,0,0
0,0,0,0,0.0,257,3,0,0,0.0,0.0,2020-09-12T16:30:00Z,0,10,0,0,0,0,1,0,6549,3,4,0.0,0,0,0,0,55,True,0,Harry,Wilson,Harry_Wilson,2020,3,11.0,3,1,0,0,4,3,1,1,1,0,6,5,3,3,1,0,0,3,1,2,1,0,0
0,0,0,0,0.0,258,3,0,0,0.0,0.0,2020-09-12T16:30:00Z,0,10,0,0,0,0,1,0,30923,3,4,0.0,0,0,0,0,65,True,0,Takumi,Minamino,Takumi_Minamino,2020,3,11.0,3,1,0,0,4,3,1,1,1,0,6,5,3,3,1,0,0,3,1,2,1,0,0
0,0,10,0,30.4,259,3,3,0,3.8,7.8,2020-09-12T16:30:00Z,88,10,0,0,0,0,1,0,3227802,3,4,0.0,1,0,0,0,75,True,0,Trent,Alexander-Arnold,Trent_Alexander-Arnold,2020,2,11.0,3,1,0,0,4,3,1,1,1,0,6,5,3,3,1,0,0,3,1,2,1,0,0
0,0,13,0,1.0,260,3,3,0,2.0,19.2,2020-09-12T16:30:00Z,90,10,0,0,0,0,1,0,292725,3,4,0.0,1,0,0,0,55,True,0,Joseph,Gomez,Joseph_Gomez,2020,2,11.0,3,1,0,0,4,3,1,1,1,0,6,5,3,3,1,0,0,3,1,2,1,0,0
0,0,2,0,4.6,261,3,2,0,3.5,6.6,2020-09-12T16:30:00Z,57,10,0,0,0,0,1,0,66891,3,4,24.0,1,0,0,0,55,True,0,Naby,Keita,Naby_Keita,2020,3,11.0,3,1,0,0,4,3,1,1,1,0,6,5,3,3,1,0,0,3,1,2,1,0,0
0,0,0,0,0.0,262,3,0,0,0.0,0.0,2020-09-12T16:30:00Z,0,10,0,0,0,0,1,0,339175,3,4,0.0,0,0,0,0,45,True,0,Rhian,Brewster,Rhian_Brewster,2020,4,15.0,0,0,0,1,0,2,-2,1,2,0,17,2,9,0,0,0,0,0,0,0,0,0,0
0,0,2,0,13.3,263,3,1,0,1.8,2.4,2020-09-12T16:30:00Z,24,10,0,0,0,0,1,0,32021,3,4,2.0,1,0,0,0,45,True,0,Curtis,Jones,Curtis_Jones,2020,3,11.0,3,1,0,0,4,3,1,1,1,0,6,5,3,3,1,0,0,3,1,2,1,0,0
0,0,0,0,0.0,264,3,0,0,0.0,0.0,2020-09-12T16:30:00Z,0,10,0,0,0,0,1,0,270752,3,4,0.0,0,0,0,0,40,True,0,Neco,Williams,Neco_Williams,2020,2,11.0,3,1,0,0,4,3,1,1,1,0,6,5,3,3,1,0,0,3,1,2,1,0,0
0,0,0,0,0.0,265,3,0,0,0.0,0.0,2020-09-12T16:30:00Z,0,10,0,0,0,0,1,0,10271,3,4,0.0,0,0,0,0,45,True,0,Harvey,Elliott,Harvey_Elliott,2020,3,11.0,3,1,0,0,4,3,1,1,1,0,6,5,3,3,1,0,0,3,1,2,1,0,0
0,0,3,1,14.0,320,6,0,0,6.9,7.0,2020-09-12T19:00:00Z,87,19,0,0,0,0,1,0,21822,2,0,48.0,2,0,0,0,55,False,0,Andy,Carroll,Andy_Carroll,2020,4,14.0,3,1,0,0,2,0,2,1,2,0,4,3,16,0,0,0,1,1,3,-2,1,1,0
0,0,12,1,44.6,321,6,0,0,8.1,14.4,2020-09-12T19:00:00Z,90,19,0,0,0,0,1,0,20721,2,0,22.0,3,0,0,0,55,False,0,Jonjo,Shelvey,Jonjo_Shelvey,2020,3,14.0,3,1,0,0,2,0,2,1,2,0,4,3,16,0,0,0,1,1,3,-2,1,1,0
0,0,0,0,0.0,322,6,0,0,0.0,0.0,2020-09-12T19:00:00Z,0,19,0,0,0,0,1,0,7154,2,0,0.0,0,0,0,0,50,False,0,Matt,Ritchie,Matt_Ritchie,2020,3,14.0,3,1,0,0,2,0,2,1,2,0,4,3,16,0,0,0,1,1,3,-2,1,1,0
0,0,27,1,0.1,323,6,0,0,2.8,26.0,2020-09-12T19:00:00Z,90,19,0,0,0,0,1,0,88657,2,0,2.0,6,0,0,0,50,False,0,Federico,Fernández,Federico_Fernández,2020,2,14.0,3,1,0,0,2,0,2,1,2,0,4,3,16,0,0,0,1,1,3,-2,1,1,0
0,0,0,0,0.0,324,6,0,0,0.0,0.0,2020-09-12T19:00:00Z,0,19,0,0,0,0,1,0,3326,2,0,0.0,0,0,0,0,45,False,0,Ciaran,Clark,Ciaran_Clark,2020,2,14.0,3,1,0,0,2,0,2,1,2,0,4,3,16,0,0,0,1,1,3,-2,1,1,0
0,0,26,1,0.0,325,6,0,0,2.7,27.0,2020-09-12T19:00:00Z,90,19,0,0,0,0,1,3,13715,2,0,0.0,7,0,0,0,50,False,0,Karl,Darlow,Karl_Darlow,2020,1,14.0,3,1,0,0,2,0,2,1,2,0,4,3,16,0,0,0,1,1,3,-2,1,1,0
0,0,0,0,0.0,326,6,0,0,0.0,0.0,2020-09-12T19:00:00Z,0,19,0,0,0,0,1,0,27245,2,0,0.0,0,0,0,0,50,False,0,Martin,Dubravka,Martin_Dubravka,2020,1,14.0,3,1,0,0,2,0,2,1,2,0,4,3,16,0,0,0,1,1,3,-2,1,1,0
0,0,0,0,0.0,327,6,0,0,0.0,0.0,2020-09-12T19:00:00Z,0,19,0,0,0,0,1,0,3104,2,0,0.0,0,0,0,0,45,False,0,Florian,Lejeune,Florian_Lejeune,2020,2,14.0,3,1,0,0,2,0,2,1,2,0,4,3,16,0,0,0,1,1,3,-2,1,1,0
0,0,21,1,0.3,328,6,0,0,2.2,21.8,2020-09-12T19:00:00Z,90,19,0,0,0,0,1,0,219489,2,0,0.0,6,0,0,0,45,False,0,Jamaal,Lascelles,Jamaal_Lascelles,2020,2,14.0,3,1,0,0,2,0,2,1,2,0,4,3,16,0,0,0,1,1,3,-2,1,1,0
0,0,0,0,0.0,329,6,0,0,0.0,0.0,2020-09-12T19:00:00Z,0,19,0,0,0,0,1,0,3224,2,0,0.0,0,0,0,0,60,False,0,Dwight,Gayle,Dwight_Gayle,2020,4,14.0,3,1,0,0,2,0,2,1,2,0,4,3,16,0,0,0,1,1,3,-2,1,1,0
0,0,0,0,0.0,330,6,0,0,0.0,0.0,2020-09-12T19:00:00Z,0,19,0,0,0,0,1,0,5623,2,0,0.0,0,0,0,0,55,False,0,Christian,Atsu,Christian_Atsu,2020,3,14.0,3,1,0,0,2,0,2,1,2,0,4,3,16,0,0,0,1,1,3,-2,1,1,0
0,0,0,0,0.0,331,6,0,0,0.0,0.0,2020-09-12T19:00:00Z,0,19,0,0,0,0,1,0,2038,2,0,0.0,0,0,0,0,45,False,0,Paul,Dummett,Paul_Dummett,2020,2,14.0,3,1,0,0,2,0,2,1,2,0,4,3,16,0,0,0,1,1,3,-2,1,1,0
0,0,27,1,19.7,332,6,0,0,4.4,22.4,2020-09-12T19:00:00Z,90,19,0,0,0,0,1,0,21964,2,0,2.0,5,0,0,0,45,False,1,Javier,Manquillo,Javier_Manquillo,2020,2,14.0,3,1,0,0,2,0,2,1,2,0,4,3,16,0,0,0,1,1,3,-2,1,1,0
0,0,0,0,0.0,333,6,0,0,0.0,0.0,2020-09-12T19:00:00Z,0,19,0,0,0,0,1,0,5746,2,0,0.0,0,0,0,0,45,False,0,Emil,Krafth,Emil_Krafth,2020,2,14.0,3,1,0,0,2,0,2,1,2,0,4,3,16,0,0,0,1,1,3,-2,1,1,0
0,0,0,0,0.0,334,6,0,0,0.0,0.0,2020-09-12T19:00:00Z,0,19,0,0,0,0,1,0,1810,2,0,0.0,0,0,0,0,50,False,0,Fabian,Schär,Fabian_Schär,2020,2,14.0,3,1,0,0,2,0,2,1,2,0,4,3,16,0,0,0,1,1,3,-2,1,1,0
0,0,0,0,0.0,335,6,0,0,0.0,0.0,2020-09-12T19:00:00Z,0,19,0,0,0,0,1,0,27859,2,0,0.0,0,0,0,0,45,False,0,DeAndre,Yedlin,DeAndre_Yedlin,2020,2,14.0,3,1,0,0,2,0,2,1,2,0,4,3,16,0,0,0,1,1,3,-2,1,1,0
0,0,12,1,2.0,336,6,0,0,1.5,12.8,2020-09-12T19:00:00Z,90,19,0,0,0,0,1,0,5941,2,0,0.0,2,0,0,0,50,False,1,Isaac,Hayden,Isaac_Hayden,2020,3,14.0,3,1,0,0,2,0,2,1,2,0,4,3,16,0,0,0,1,1,3,-2,1,1,0
0,0,0,0,0.0,337,6,0,0,0.0,0.0,2020-09-12T19:00:00Z,0,19,0,0,0,0,1,0,5098,2,0,0.0,0,0,0,0,50,False,0,Rolando,Aarons,Rolando_Aarons,2020,3,14.0,3,1,0,0,2,0,2,1,2,0,4,3,16,0,0,0,1,1,3,-2,1,1,0
0,0,7,1,2.8,338,6,0,0,1.2,3.8,2020-09-12T19:00:00Z,74,19,0,0,0,0,1,0,1361562,2,0,5.0,3,0,0,0,55,False,0,Allan,Saint-Maximin,Allan_Saint-Maximin,2020,3,14.0,3,1,0,0,2,0,2,1,2,0,4,3,16,0,0,0,1,1,3,-2,1,1,0
1,0,13,0,11.4,339,6,0,0,4.9,17.4,2020-09-12T19:00:00Z,5,19,0,0,0,0,1,0,62869,2,0,20.0,4,0,0,0,60,False,0,Miguel,Almirón,Miguel_Almirón,2020,3,14.0,3,1,0,0,2,0,2,1,2,0,4,3,16,0,0,0,1,1,3,-2,1,1,0
0,0,4,0,11.2,340,6,0,0,2.6,7.2,2020-09-12T19:00:00Z,15,19,0,0,0,0,1,0,26389,2,0,8.0,1,0,0,0,60,False,0,Joelinton Cássio,Apolinário de Lira,Joelinton Cássio_Apolinário de Lira,2020,4,14.0,3,1,0,0,2,0,2,1,2,0,4,3,16,0,0,0,1,1,3,-2,1,1,0
0,0,0,0,0.0,341,6,0,0,0.0,0.0,2020-09-12T19:00:00Z,0,19,0,0,0,0,1,0,23205,2,0,0.0,0,0,0,0,50,False,0,Yoshinori,Muto,Yoshinori_Muto,2020,4,14.0,3,1,0,0,2,0,2,1,2,0,4,3,16,0,0,0,1,1,3,-2,1,1,0
0,0,0,0,0.0,342,6,0,0,0.0,0.0,2020-09-12T19:00:00Z,0,19,0,0,0,0,1,0,21423,2,0,0.0,0,0,0,0,40,False,0,Kelland,Watts,Kelland_Watts,2020,2,14.0,3,1,0,0,2,0,2,1,2,0,4,3,16,0,0,0,1,1,3,-2,1,1,0
0,0,-4,0,3.0,343,8,2,0,2.7,1.4,2020-09-14T17:00:00Z,90,20,0,0,0,0,1,0,17568,2,0,23.0,2,0,0,0,60,True,0,Billy,Sharp,Billy_Sharp,2020,4,15.0,0,0,0,1,0,2,-2,1,2,0,17,2,9,0,0,0,0,0,0,0,0,0,0
0,0,2,0,2.7,344,8,0,0,1.2,0.8,2020-09-14T17:00:00Z,19,20,0,0,0,0,1,0,64923,2,0,8.0,1,0,0,0,55,True,0,David,McGoldrick,David_McGoldrick,2020,4,15.0,0,0,0,1,0,2,-2,1,2,0,17,2,9,0,0,0,0,0,0,0,0,0,0
0,0,14,0,1.5,345,8,2,0,1.5,11.4,2020-09-14T17:00:00Z,70,20,0,0,0,0,1,0,135308,2,0,2.0,1,0,0,0,50,True,0,Chris,Basham,Chris_Basham,2020,2,15.0,0,0,0,1,0,2,-2,1,2,0,17,2,9,0,0,0,0,0,0,0,0,0,0
0,0,10,0,36.0,346,8,2,0,6.0,10.2,2020-09-14T17:00:00Z,90,20,0,0,0,0,1,0,33140,2,0,14.0,2,0,0,0,60,True,0,John,Fleck,John_Fleck,2020,3,15.0,0,0,0,1,0,2,-2,1,2,0,17,2,9,0,0,0,0,0,0,0,0,0,0
0,0,13,0,6.9,347,8,2,0,2.6,13.2,2020-09-14T17:00:00Z,90,20,0,0,0,0,1,0,340758,2,0,6.0,1,0,0,0,55,True,0,Enda,Stevens,Enda_Stevens,2020,2,15.0,0,0,0,1,0,2,-2,1,2,0,17,2,9,0,0,0,0,0,0,0,0,0,0
0,0,0,0,0.0,348,8,0,0,0.0,0.0,2020-09-14T17:00:00Z,0,20,0,0,0,0,1,0,14532,2,0,0.0,0,0,0,0,45,True,0,Simon,Moore,Simon_Moore,2020,1,15.0,0,0,0,1,0,2,-2,1,2,0,17,2,9,0,0,0,0,0,0,0,0,0,0
0,0,13,0,21.8,349,8,2,0,3.2,9.8,2020-09-14T17:00:00Z,75,20,0,0,0,0,1,0,38334,2,0,0.0,2,0,0,0,50,True,0,Oliver,Norwood,Oliver_Norwood,2020,3,15.0,0,0,0,1,0,2,-2,1,2,0,17,2,9,0,0,0,0,0,0,0,0,0,0
0,0,0,0,0.0,350,8,0,0,0.0,0.0,2020-09-14T17:00:00Z,0,20,0,0,0,0,1,0,9649,2,0,0.0,0,0,0,0,45,True,0,Wes,Foderingham,Wes_Foderingham,2020,1,15.0,0,0,0,1,0,2,-2,1,2,0,17,2,9,0,0,0,0,0,0,0,0,0,0
0,0,13,0,15.7,351,8,2,0,4.3,1.6,2020-09-14T17:00:00Z,90,20,0,0,0,0,1,0,304826,2,0,26.0,1,0,0,0,55,True,0,George,Baldock,George_Baldock,2020,2,15.0,0,0,0,1,0,2,-2,1,2,0,17,2,9,0,0,0,0,0,0,0,0,0,0
0,0,0,0,0.0,352,8,0,0,0.0,0.0,2020-09-14T17:00:00Z,0,20,0,0,0,0,1,0,11802,2,0,0.0,0,0,0,0,45,True,0,Jack,Robinson,Jack_Robinson,2020,2,15.0,0,0,0,1,0,2,-2,1,2,0,17,2,9,0,0,0,0,0,0,0,0,0,0
0,0,4,0,0.8,353,8,2,0,1.6,8.8,2020-09-14T17:00:00Z,90,20,0,0,0,0,1,0,1006715,2,0,6.0,0,0,0,0,50,True,1,John,Egan,John_Egan,2020,2,15.0,0,0,0,1,0,2,-2,1,2,0,17,2,9,0,0,0,0,0,0,0,0,0,0
0,0,8,0,2.3,354,8,2,0,2.2,19.2,2020-09-14T17:00:00Z,90,20,0,0,0,0,1,0,46550,2,0,0.0,1,0,0,0,50,True,0,Jack,O'Connell,Jack_O'Connell,2020,2,15.0,0,0,0,1,0,2,-2,1,2,0,17,2,9,0,0,0,0,0,0,0,0,0,0
0,0,15,0,32.3,355,8,2,0,4.4,10.0,2020-09-14T17:00:00Z,90,20,0,0,0,0,1,0,781245,2,0,2.0,2,0,0,0,55,True,0,John,Lundstram,John_Lundstram,2020,3,15.0,0,0,0,1,0,2,-2,1,2,0,17,2,9,0,0,0,0,0,0,0,0,0,0
0,0,0,0,0.0,356,8,0,0,0.0,0.0,2020-09-14T17:00:00Z,0,20,0,0,0,0,1,0,2316,2,0,0.0,0,0,0,0,50,True,0,Ben,Osborn,Ben_Osborn,2020,3,15.0,0,0,0,1,0,2,-2,1,2,0,17,2,9,0,0,0,0,0,0,0,0,0,0
0,0,3,0,15.3,357,8,2,0,6.8,12.0,2020-09-14T17:00:00Z,90,20,0,0,0,0,1,0,45716,2,0,41.0,1,0,0,0,60,True,1,Oliver,McBurnie,Oliver_McBurnie,2020,4,15.0,0,0,0,1,0,2,-2,1,2,0,17,2,9,0,0,0,0,0,0,0,0,0,0
0,0,-3,0,1.3,358,5,1,0,0.1,0.0,2020-09-13T13:00:00Z,59,9,0,0,0,0,1,0,13584,3,0,2.0,1,0,0,0,55,True,0,Callum,Robinson,Callum_Robinson,2020,4,18.0,0,0,0,1,0,3,-3,1,1,0,20,7,8,3,1,0,0,1,0,1,1,0,0
0,0,0,0,0.0,359,8,0,0,0.0,0.0,2020-09-14T17:00:00Z,0,20,0,0,0,0,1,0,28676,2,0,0.0,0,0,0,0,60,True,0,Lys,Mousset,Lys_Mousset,2020,4,15.0,0,0,0,1,0,2,-2,1,2,0,17,2,9,0,0,0,0,0,0,0,0,0,0
0,0,7,0,18.0,360,8,0,0,2.7,8.6,2020-09-14T17:00:00Z,14,20,0,0,0,0,1,0,10068,2,0,0.0,1,0,0,0,50,True,0,Sander,Berge,Sander_Berge,2020,3,15.0,0,0,0,1,0,2,-2,1,2,0,17,2,9,0,0,0,0,0,0,0,0,0,0
0,0,4,0,0.0,361,1,0,0,0.4,2.0,2020-09-12T14:00:00Z,5,6,0,0,0,0,1,0,87664,0,1,2.0,1,0,0,0,55,False,0,Shane,Long,Shane_Long,2020,4,16.0,0,0,0,1,0,1,-1,1,1,0,14,17,15,0,0,0,1,0,1,-1,1,1,0
0,0,15,0,18.5,362,1,1,0,3.7,16.8,2020-09-12T14:00:00Z,90,6,0,0,0,0,1,0,87171,0,1,2.0,2,0,0,0,50,False,0,Ryan,Bertrand,Ryan_Bertrand,2020,2,16.0,0,0,0,1,0,1,-1,1,1,0,14,17,15,0,0,0,1,0,1,-1,1,1,0
0,0,17,0,0.0,363,1,1,0,2.3,22.6,2020-09-12T14:00:00Z,90,6,0,0,0,0,1,2,1400435,0,1,0.0,2,0,0,0,45,False,0,Alex,McCarthy,Alex_McCarthy,2020,1,16.0,0,0,0,1,0,1,-1,1,1,0,14,17,15,0,0,0,1,0,1,-1,1,1,0
0,0,13,0,4.2,364,1,1,0,2.3,18.6,2020-09-12T14:00:00Z,90,6,0,0,0,0,1,0,269424,0,1,0.0,2,0,0,0,45,False,0,Oriol,Romeu Vidal,Oriol_Romeu Vidal,2020,3,16.0,0,0,0,1,0,1,-1,1,1,0,14,17,15,0,0,0,1,0,1,-1,1,1,0
0,0,5,0,7.2,365,1,1,0,3.7,7.2,2020-09-12T14:00:00Z,90,6,0,0,0,0,1,0,54083,0,1,23.0,2,0,0,0,65,False,0,Nathan,Redmond,Nathan_Redmond,2020,3,16.0,0,0,0,1,0,1,-1,1,1,0,14,17,15,0,0,0,1,0,1,-1,1,1,0
0,0,1,0,11.2,366,1,1,0,8.0,8.6,2020-09-12T14:00:00Z,90,6,0,0,0,0,1,0,1467030,0,1,60.0,2,0,0,0,85,False,0,Danny,Ings,Danny_Ings,2020,4,16.0,0,0,0,1,0,1,-1,1,1,0,14,17,15,0,0,0,1,0,1,-1,1,1,0
0,0,12,0,1.1,367,1,1,0,3.7,18.4,2020-09-12T14:00:00Z,90,6,0,0,0,0,1,0,30741,0,1,17.0,2,0,0,0,50,False,0,Jack,Stephens,Jack_Stephens,2020,2,16.0,0,0,0,1,0,1,-1,1,1,0,14,17,15,0,0,0,1,0,1,-1,1,1,0
0,0,0,0,0.0,368,1,0,0,0.0,0.0,2020-09-12T14:00:00Z,0,6,0,0,0,0,1,0,23082,0,1,0.0,0,0,0,0,55,False,0,Stuart,Armstrong,Stuart_Armstrong,2020,3,16.0,0,0,0,1,0,1,-1,1,1,0,14,17,15,0,0,0,1,0,1,-1,1,1,0
0,0,19,0,10.4,369,1,0,0,3.2,17.6,2020-09-12T14:00:00Z,45,6,0,0,0,0,1,0,36388,0,1,4.0,1,0,0,0,45,False,0,Jannik,Vestergaard,Jannik_Vestergaard,2020,2,16.0,0,0,0,1,0,1,-1,1,1,0,14,17,15,0,0,0,1,0,1,-1,1,1,0
0,0,15,0,17.4,370,1,1,0,2.8,6.6,2020-09-12T14:00:00Z,90,6,0,0,0,0,1,0,280881,0,1,4.0,2,0,0,0,60,False,0,James,Ward-Prowse,James_Ward-Prowse,2020,3,16.0,0,0,0,1,0,1,-1,1,1,0,14,17,15,0,0,0,1,0,1,-1,1,1,0
0,0,0,0,0.0,371,1,0,0,0.0,0.0,2020-09-12T14:00:00Z,0,6,0,0,0,0,1,0,19987,0,1,0.0,0,0,0,0,45,False,0,Angus,Gunn,Angus_Gunn,2020,1,16.0,0,0,0,1,0,1,-1,1,1,0,14,17,15,0,0,0,1,0,1,-1,1,1,0
0,0,0,0,0.0,372,1,0,0,0.0,0.0,2020-09-12T14:00:00Z,0,6,0,0,0,0,1,0,4424,0,1,0.0,0,0,0,0,55,False,0,Sofiane,Boufal,Sofiane_Boufal,2020,3,16.0,0,0,0,1,0,1,-1,1,1,0,14,17,15,0,0,0,1,0,1,-1,1,1,0
0,0,14,0,4.5,373,2,3,0,1.7,12.6,2020-09-12T11:30:00Z,90,1,0,0,0,0,1,0,64140,3,0,0.0,2,0,0,0,45,True,0,Harrison,Reed,Harrison_Reed,2020,3,8.0,0,0,0,1,0,3,-3,1,2,0,19,10,13,0,0,0,1,3,4,-1,1,0,0
0,0,0,0,0.0,374,1,0,0,0.0,0.0,2020-09-12T14:00:00Z,0,6,0,0,0,0,1,0,11700,0,1,0.0,0,0,0,0,45,False,0,Josh,Sims,Josh_Sims,2020,3,16.0,0,0,0,1,0,1,-1,1,1,0,14,17,15,0,0,0,1,0,1,-1,1,1,0
0,0,12,0,18.6,375,1,1,0,4.7,24.0,2020-09-12T14:00:00Z,90,6,0,0,0,0,1,0,748080,0,1,4.0,1,0,0,0,45,False,1,Kyle,Walker-Peters,Kyle_Walker-Peters,2020,2,16.0,0,0,0,1,0,1,-1,1,1,0,14,17,15,0,0,0,1,0,1,-1,1,1,0
0,0,11,0,1.3,376,1,1,0,1.0,8.8,2020-09-12T14:00:00Z,45,6,0,0,0,0,1,0,196908,0,1,0.0,1,0,0,0,45,False,0,Jan,Bednarek,Jan_Bednarek,2020,2,16.0,0,0,0,1,0,1,-1,1,1,0,14,17,15,0,0,0,1,0,1,-1,1,1,0
0,0,3,0,13.1,377,1,1,0,3.9,4.4,2020-09-12T14:00:00Z,84,6,0,0,0,0,1,0,279992,0,1,21.0,2,0,0,0,60,False,0,Che,Adams,Che_Adams,2020,4,16.0,0,0,0,1,0,1,-1,1,1,0,14,17,15,0,0,0,1,0,1,-1,1,1,0
0,0,0,0,0.0,378,1,0,0,0.0,0.0,2020-09-12T14:00:00Z,0,6,0,0,0,0,1,0,5944,0,1,0.0,0,0,0,0,50,False,0,Yan,Valery,Yan_Valery,2020,2,16.0,0,0,0,1,0,1,-1,1,1,0,14,17,15,0,0,0,1,0,1,-1,1,1,0
0,0,4,0,3.2,379,1,1,0,0.5,2.2,2020-09-12T14:00:00Z,76,6,0,0,0,0,1,0,23808,0,1,0.0,2,0,0,0,45,False,0,William,Smallbone,William_Smallbone,2020,3,16.0,0,0,0,1,0,1,-1,1,1,0,14,17,15,0,0,0,1,0,1,-1,1,1,0
0,0,0,0,0.0,380,1,0,0,0.0,0.0,2020-09-12T14:00:00Z,0,6,0,0,0,0,1,0,84869,0,1,0.0,0,0,0,0,40,False,0,Jake,Vokins,Jake_Vokins,2020,2,16.0,0,0,0,1,0,1,-1,1,1,0,14,17,15,0,0,0,1,0,1,-1,1,1,0
0,0,0,0,0.0,381,1,0,0,0.0,0.0,2020-09-12T14:00:00Z,0,6,0,0,0,0,1,0,158019,0,1,0.0,0,0,0,0,50,False,0,Michael,Obafemi,Michael_Obafemi,2020,4,16.0,0,0,0,1,0,1,-1,1,1,0,14,17,15,0,0,0,1,0,1,-1,1,1,0
0,0,4,0,0.3,382,1,0,0,0.4,3.4,2020-09-12T14:00:00Z,13,6,0,0,0,0,1,0,5118,0,1,0.0,1,0,0,0,55,False,0,Moussa,Djenepo,Moussa_Djenepo,2020,3,16.0,0,0,0,1,0,1,-1,1,1,0,14,17,15,0,0,0,1,0,1,-1,1,1,0
0,0,15,0,0.0,383,4,1,0,2.0,20.0,2020-09-13T15:30:00Z,90,7,0,0,0,0,1,3,296409,1,0,0.0,3,0,0,0,55,True,0,Hugo,Lloris,Hugo_Lloris,2020,1,17.0,0,0,0,1,0,1,-1,1,1,0,15,16,14,0,0,0,1,0,1,-1,1,1,0
0,0,0,0,0.0,384,4,0,0,0.0,0.0,2020-09-13T15:30:00Z,0,7,0,0,0,0,1,0,24146,1,0,0.0,0,0,0,0,50,True,0,Danny,Rose,Danny_Rose,2020,2,17.0,0,0,0,1,0,1,-1,1,1,0,15,16,14,0,0,0,1,0,1,-1,1,1,0
0,0,4,0,4.3,385,4,1,0,0.7,2.4,2020-09-13T15:30:00Z,45,7,0,0,0,0,1,0,33970,1,0,0.0,1,0,0,0,50,True,0,Moussa,Sissoko,Moussa_Sissoko,2020,3,17.0,0,0,0,1,0,1,-1,1,1,0,15,16,14,0,0,0,1,0,1,-1,1,1,0
0,0,12,0,11.2,386,4,1,0,3.0,17.0,2020-09-13T15:30:00Z,90,7,0,0,0,0,1,0,166187,1,0,2.0,2,0,0,0,55,True,0,Toby,Alderweireld,Toby_Alderweireld,2020,2,17.0,0,0,0,1,0,1,-1,1,1,0,15,16,14,0,0,0,1,0,1,-1,1,1,0
0,0,0,0,0.0,387,4,0,0,0.0,0.0,2020-09-13T15:30:00Z,0,7,0,0,0,0,1,0,10931,1,0,0.0,0,0,0,0,60,True,0,Erik,Lamela,Erik_Lamela,2020,3,17.0,0,0,0,1,0,1,-1,1,1,0,15,16,14,0,0,0,1,0,1,-1,1,1,0
0,0,7,0,22.5,388,4,1,0,5.2,8.0,2020-09-13T15:30:00Z,90,7,0,0,0,0,1,0,894557,1,0,21.0,2,0,0,0,105,True,0,Harry,Kane,Harry_Kane,2020,4,17.0,0,0,0,1,0,1,-1,1,1,0,15,16,14,0,0,0,1,0,1,-1,1,1,0
0,0,0,0,0.0,389,4,0,0,0.0,0.0,2020-09-13T15:30:00Z,0,7,0,0,0,0,1,0,236728,1,0,0.0,0,0,0,0,55,True,0,Serge,Aurier,Serge_Aurier,2020,2,17.0,0,0,0,1,0,1,-1,1,1,0,15,16,14,0,0,0,1,0,1,-1,1,1,0
0,0,10,0,46.8,390,4,1,0,9.6,14.0,2020-09-13T15:30:00Z,90,7,0,0,0,0,1,0,1724987,1,0,35.0,2,0,0,0,90,True,0,Heung-Min,Son,Heung-Min_Son,2020,3,17.0,0,0,0,1,0,1,-1,1,1,0,15,16,14,0,0,0,1,0,1,-1,1,1,0
0,0,13,0,0.7,391,4,1,0,1.8,17.4,2020-09-13T15:30:00Z,90,7,0,0,0,0,1,0,95090,1,0,0.0,2,0,0,0,50,True,0,Eric,Dier,Eric_Dier,2020,2,17.0,0,0,0,1,0,1,-1,1,1,0,15,16,14,0,0,0,1,0,1,-1,1,1,0
0,0,-1,0,5.8,392,4,1,0,4.4,2.8,2020-09-13T15:30:00Z,90,7,0,0,0,0,1,0,149187,1,0,35.0,2,0,0,0,70,True,0,Lucas,Rodrigues Moura da Silva,Lucas_Rodrigues Moura da Silva,2020,3,17.0,0,0,0,1,0,1,-1,1,1,0,15,16,14,0,0,0,1,0,1,-1,1,1,0
0,0,0,0,0.0,393,4,0,0,0.0,0.0,2020-09-13T15:30:00Z,0,7,0,0,0,0,1,0,22611,1,0,0.0,0,0,0,0,45,True,0,Paulo,Gazzaniga,Paulo_Gazzaniga,2020,1,17.0,0,0,0,1,0,1,-1,1,1,0,15,16,14,0,0,0,1,0,1,-1,1,1,0
0,0,3,0,11.9,394,4,0,0,4.1,8.4,2020-09-13T15:30:00Z,45,7,0,0,0,0,1,0,237638,1,0,21.0,1,0,0,0,80,True,0,Bamidele,Alli,Bamidele_Alli,2020,3,17.0,0,0,0,1,0,1,-1,1,1,0,15,16,14,0,0,0,1,0,1,-1,1,1,0
0,0,15,0,35.5,395,4,1,0,9.2,20.2,2020-09-13T15:30:00Z,90,7,0,0,0,0,1,0,155868,1,0,36.0,2,0,0,0,50,True,0,Ben,Davies,Ben_Davies,2020,2,17.0,0,0,0,1,0,1,-1,1,1,0,15,16,14,0,0,0,1,0,1,-1,1,1,0
0,0,8,0,5.0,396,4,1,0,2.0,15.4,2020-09-13T15:30:00Z,90,7,0,0,0,0,1,0,66864,1,0,0.0,1,0,0,0,50,True,1,Pierre-Emile,Højbjerg,Pierre-Emile_Højbjerg,2020,3,17.0,0,0,0,1,0,1,-1,1,1,0,15,16,14,0,0,0,1,0,1,-1,1,1,0
0,0,8,0,2.3,397,4,1,0,0.4,2.0,2020-09-13T15:30:00Z,59,7,0,0,0,0,1,0,10287,1,0,0.0,1,0,0,0,55,True,0,Harry,Winks,Harry_Winks,2020,3,17.0,0,0,0,1,0,1,-1,1,1,0,15,16,14,0,0,0,1,0,1,-1,1,1,0
0,0,0,0,0.0,398,4,0,0,0.0,0.0,2020-09-13T15:30:00Z,0,7,0,0,0,0,1,0,62607,1,0,0.0,0,0,0,0,55,True,0,Davinson,Sánchez,Davinson_Sánchez,2020,2,17.0,0,0,0,1,0,1,-1,1,1,0,15,16,14,0,0,0,1,0,1,-1,1,1,0
0,0,0,0,0.0,399,4,0,0,0.0,0.0,2020-09-13T15:30:00Z,0,7,0,0,0,0,1,0,16898,1,0,0.0,0,0,0,0,50,True,0,Ryan,Sessegnon,Ryan_Sessegnon,2020,2,17.0,0,0,0,1,0,1,-1,1,1,0,15,16,14,0,0,0,1,0,1,-1,1,1,0
0,0,2,0,3.3,400,4,0,0,0.6,0.4,2020-09-13T15:30:00Z,30,7,0,0,0,0,1,0,83611,1,0,2.0,1,0,0,0,75,True,0,Steven,Bergwijn,Steven_Bergwijn,2020,3,17.0,0,0,0,1,0,1,-1,1,1,0,15,16,14,0,0,0,1,0,1,-1,1,1,0
0,0,0,0,0.0,401,4,0,0,0.0,0.0,2020-09-13T15:30:00Z,0,7,0,0,0,0,1,0,6161,1,0,0.0,0,0,0,0,50,True,0,Gedson,Carvalho Fernandes,Gedson_Carvalho Fernandes,2020,3,17.0,0,0,0,1,0,1,-1,1,1,0,15,16,14,0,0,0,1,0,1,-1,1,1,0
0,0,0,0,0.0,402,4,0,0,0.0,0.0,2020-09-13T15:30:00Z,0,7,0,0,0,0,1,0,8128,1,0,0.0,0,0,0,0,50,True,0,Japhet,Tanganga,Japhet_Tanganga,2020,2,17.0,0,0,0,1,0,1,-1,1,1,0,15,16,14,0,0,0,1,0,1,-1,1,1,0
0,0,0,0,0.0,403,4,0,0,0.0,0.0,2020-09-13T15:30:00Z,0,7,0,0,0,0,1,0,55175,1,0,0.0,0,0,0,0,70,True,0,Giovani,Lo Celso,Giovani_Lo Celso,2020,3,17.0,0,0,0,1,0,1,-1,1,1,0,15,16,14,0,0,0,1,0,1,-1,1,1,0
0,0,0,0,0.0,404,4,0,0,0.0,0.0,2020-09-13T15:30:00Z,0,7,0,0,0,0,1,0,2265,1,0,0.0,0,0,0,0,45,True,0,Oliver,Skipp,Oliver_Skipp,2020,3,17.0,0,0,0,1,0,1,-1,1,1,0,15,16,14,0,0,0,1,0,1,-1,1,1,0
0,0,3,0,1.3,405,4,0,0,0.5,3.8,2020-09-13T15:30:00Z,14,7,0,0,0,0,1,0,12879,1,0,0.0,1,0,0,0,60,True,0,Tanguy,Ndombele,Tanguy_Ndombele,2020,3,17.0,0,0,0,1,0,1,-1,1,1,0,15,16,14,0,0,0,1,0,1,-1,1,1,0
0,0,0,0,0.0,406,4,0,0,0.0,0.0,2020-09-13T15:30:00Z,0,7,0,0,0,0,1,0,9137,1,0,0.0,0,0,0,0,45,True,0,Juan,Foyth,Juan_Foyth,2020,2,17.0,0,0,0,1,0,1,-1,1,1,0,15,16,14,0,0,0,1,0,1,-1,1,1,0
0,0,12,0,1.7,407,5,3,0,0.8,6.4,2020-09-13T13:00:00Z,90,9,0,0,0,0,1,0,48768,3,0,0.0,1,0,0,0,45,True,0,Kieran,Gibbs,Kieran_Gibbs,2020,2,18.0,0,0,0,1,0,3,-3,1,1,0,20,7,8,3,1,0,0,1,0,1,1,0,0
0,0,3,0,0.1,408,5,2,0,0.3,2.0,2020-09-13T13:00:00Z,30,9,0,0,0,0,1,0,24892,3,0,1.0,1,0,0,0,55,True,0,Hal,Robson-Kanu,Hal_Robson-Kanu,2020,4,18.0,0,0,0,1,0,3,-3,1,1,0,20,7,8,3,1,0,0,1,0,1,1,0,0
0,0,11,0,11.3,409,5,3,0,2.0,8.8,2020-09-13T13:00:00Z,90,9,0,0,0,0,1,0,10809,3,0,0.0,2,0,0,0,50,True,0,Jake,Livermore,Jake_Livermore,2020,3,18.0,0,0,0,1,0,3,-3,1,1,0,20,7,8,3,1,0,0,1,0,1,1,0,0
0,0,0,0,0.0,410,5,0,0,0.0,0.0,2020-09-13T13:00:00Z,0,9,0,0,0,0,1,0,7531,3,0,0.0,0,0,0,0,55,True,0,Kamil,Grosicki,Kamil_Grosicki,2020,3,18.0,0,0,0,1,0,3,-3,1,1,0,20,7,8,3,1,0,0,1,0,1,1,0,0
0,0,0,0,0.0,411,5,0,0,0.0,0.0,2020-09-13T13:00:00Z,0,9,0,0,0,0,1,0,8154,3,0,0.0,0,0,0,0,55,True,0,Matt,Phillips,Matt_Phillips,2020,3,18.0,0,0,0,1,0,3,-3,1,1,0,20,7,8,3,1,0,0,1,0,1,1,0,0
0,0,11,0,0.3,412,5,3,0,1.4,13.8,2020-09-13T13:00:00Z,90,9,0,0,0,0,1,0,9197,3,0,0.0,1,0,0,0,45,True,0,Kyle,Bartley,Kyle_Bartley,2020,2,18.0,0,0,0,1,0,3,-3,1,1,0,20,7,8,3,1,0,0,1,0,1,1,0,0
0,0,4,0,1.6,413,5,1,0,0.2,0.0,2020-09-13T13:00:00Z,68,9,0,0,0,0,1,0,3307,3,0,0.0,2,0,0,0,50,True,0,Romaine,Sawyers,Romaine_Sawyers,2020,3,18.0,0,0,0,1,0,3,-3,1,1,0,20,7,8,3,1,0,0,1,0,1,1,0,0
0,0,0,0,0.0,414,5,0,0,0.0,0.0,2020-09-13T13:00:00Z,0,9,0,0,0,0,1,0,74895,3,0,0.0,0,0,0,0,45,True,0,Ahmed El-Sayed,Hegazy,Ahmed El-Sayed_Hegazy,2020,2,18.0,0,0,0,1,0,3,-3,1,1,0,20,7,8,3,1,0,0,1,0,1,1,0,0
0,0,0,0,0.0,415,5,0,0,0.0,0.0,2020-09-13T13:00:00Z,0,9,0,0,0,0,1,0,60979,3,0,0.0,0,0,0,0,55,True,0,Charlie,Austin,Charlie_Austin,2020,4,18.0,0,0,0,1,0,3,-3,1,1,0,20,7,8,3,1,0,0,1,0,1,1,0,0
0,0,0,0,0.0,416,5,0,0,0.0,0.0,2020-09-13T13:00:00Z,0,9,0,0,0,0,1,0,7467,3,0,0.0,0,0,0,0,50,True,0,Kenneth,Zohore,Kenneth_Zohore,2020,4,18.0,0,0,0,1,0,3,-3,1,1,0,20,7,8,3,1,0,0,1,0,1,1,0,0
0,0,16,0,0.0,417,5,3,0,3.1,31.2,2020-09-13T13:00:00Z,90,9,0,0,0,0,1,4,43295,3,0,0.0,2,0,0,0,45,True,0,Sam,Johnstone,Sam_Johnstone,2020,1,18.0,0,0,0,1,0,3,-3,1,1,0,20,7,8,3,1,0,0,1,0,1,1,0,0
0,0,0,0,0.0,418,5,0,0,0.0,0.0,2020-09-13T13:00:00Z,0,9,0,0,0,0,1,0,4560,3,0,0.0,0,0,0,0,45,True,0,Conor,Townsend,Conor_Townsend,2020,2,18.0,0,0,0,1,0,3,-3,1,1,0,20,7,8,3,1,0,0,1,0,1,1,0,0
0,0,2,0,0.5,419,5,3,0,0.1,0.2,2020-09-13T13:00:00Z,90,9,0,0,0,0,1,0,21428,3,0,0.0,0,0,0,0,50,True,1,Oluwasemilogo Adesewo Ibidapo,Ajayi,Oluwasemilogo Adesewo Ibidapo_Ajayi,2020,2,18.0,0,0,0,1,0,3,-3,1,1,0,20,7,8,3,1,0,0,1,0,1,1,0,0
0,0,0,0,0.0,420,5,0,0,0.0,0.0,2020-09-13T13:00:00Z,0,9,0,0,0,0,1,0,3893,3,0,0.0,0,0,0,0,45,True,0,Jonathan,Leko,Jonathan_Leko,2020,3,18.0,0,0,0,1,0,3,-3,1,1,0,20,7,8,3,1,0,0,1,0,1,1,0,0
0,0,3,0,0.5,421,5,2,0,2.5,4.6,2020-09-13T13:00:00Z,22,9,0,0,0,0,1,0,2162,3,0,20.0,1,0,0,0,50,True,0,Kyle,Edwards,Kyle_Edwards,2020,3,18.0,0,0,0,1,0,3,-3,1,1,0,20,7,8,3,1,0,0,1,0,1,1,0,0
0,0,6,0,11.5,422,5,1,0,3.0,6.2,2020-09-13T13:00:00Z,68,9,0,0,0,0,1,0,5791,3,0,12.0,2,0,0,0,45,True,0,Darnell,Furlong,Darnell_Furlong,2020,2,18.0,0,0,0,1,0,3,-3,1,1,0,20,7,8,3,1,0,0,1,0,1,1,0,0
0,0,0,0,0.0,423,5,0,0,0.0,0.0,2020-09-13T13:00:00Z,0,9,0,0,0,0,1,0,1682,3,0,0.0,0,0,0,0,50,True,0,Sam,Field,Sam_Field,2020,3,18.0,0,0,0,1,0,3,-3,1,1,0,20,7,8,3,1,0,0,1,0,1,1,0,0
0,0,0,0,0.0,424,8,0,0,0.0,0.0,2020-09-14T17:00:00Z,0,20,0,0,0,0,1,0,65020,2,0,0.0,0,0,0,0,45,True,0,Oliver,Burke,Oliver_Burke,2020,3,15.0,0,0,0,1,0,2,-2,1,2,0,17,2,9,0,0,0,0,0,0,0,0,0,0
0,0,8,0,0.6,425,5,3,0,1.0,9.6,2020-09-13T13:00:00Z,90,9,0,0,0,0,1,0,19684,3,0,0.0,1,0,0,0,45,True,0,Dara,O'Shea,Dara_O'Shea,2020,2,18.0,0,0,0,1,0,3,-3,1,1,0,20,7,8,3,1,0,0,1,0,1,1,0,0
0,0,3,0,1.8,426,5,2,0,0.4,1.8,2020-09-13T13:00:00Z,21,9,0,0,0,0,1,0,33377,3,0,0.0,1,0,0,0,45,True,0,Rekeem,Harper,Rekeem_Harper,2020,3,18.0,0,0,0,1,0,3,-3,1,1,0,20,7,8,3,1,0,0,1,0,1,1,0,0
0,0,8,0,12.2,427,6,1,0,1.7,4.4,2020-09-12T19:00:00Z,66,14,0,0,0,0,1,0,143896,2,0,0.0,2,0,0,0,50,True,0,Mark,Noble,Mark_Noble,2020,3,19.0,0,0,0,1,0,2,-2,1,2,0,18,1,1,3,1,0,0,3,0,3,1,2,0
0,0,0,0,0.0,428,6,0,0,0.0,0.0,2020-09-12T19:00:00Z,0,14,0,0,0,0,1,0,9364,2,0,0.0,0,0,0,0,60,True,0,Robert,Snodgrass,Robert_Snodgrass,2020,3,19.0,0,0,0,1,0,2,-2,1,2,0,18,1,1,3,1,0,0,3,0,3,1,2,0
0,0,0,0,0.0,429,6,0,0,0.0,0.0,2020-09-12T19:00:00Z,0,14,0,0,0,0,1,0,498030,2,0,0.0,0,0,0,0,40,True,0,David,Martin,David_Martin,2020,1,19.0,0,0,0,1,0,2,-2,1,2,0,18,1,1,3,1,0,0,3,0,3,1,2,0
0,0,0,0,0.0,430,6,0,0,0.0,0.0,2020-09-12T19:00:00Z,0,14,0,0,0,0,1,0,16045,2,0,0.0,0,0,0,0,45,True,0,Darren,Randolph,Darren_Randolph,2020,1,19.0,0,0,0,1,0,2,-2,1,2,0,18,1,1,3,1,0,0,3,0,3,1,2,0
0,0,9,0,0.0,431,6,2,0,0.5,5.0,2020-09-12T19:00:00Z,90,14,0,0,0,0,1,0,102540,2,0,0.0,1,0,0,0,50,True,0,Lukasz,Fabianski,Lukasz_Fabianski,2020,1,19.0,0,0,0,1,0,2,-2,1,2,0,18,1,1,3,1,0,0,3,0,3,1,2,0
0,0,14,0,1.1,432,6,2,0,3.7,30.0,2020-09-12T19:00:00Z,90,14,0,0,0,0,1,0,25125,2,0,6.0,1,0,0,0,50,True,0,Angelo,Ogbonna,Angelo_Ogbonna,2020,2,19.0,0,0,0,1,0,2,-2,1,2,0,18,1,1,3,1,0,0,3,0,3,1,2,0
0,0,0,0,0.0,433,6,0,0,0.0,0.0,2020-09-12T19:00:00Z,0,14,0,0,0,0,1,0,1162,2,0,0.0,0,0,0,0,45,True,0,Roberto,Jimenez Gago,Roberto_Jimenez Gago,2020,1,19.0,0,0,0,1,0,2,-2,1,2,0,18,1,1,3,1,0,0,3,0,3,1,2,0
0,0,0,0,0.0,434,6,0,0,0.0,0.0,2020-09-12T19:00:00Z,0,14,0,0,0,0,1,0,10257,2,0,0.0,0,0,0,0,50,True,0,Jack,Wilshere,Jack_Wilshere,2020,3,19.0,0,0,0,1,0,2,-2,1,2,0,18,1,1,3,1,0,0,3,0,3,1,2,0
0,0,11,0,11.2,435,6,2,0,2.2,10.4,2020-09-12T19:00:00Z,90,14,0,0,0,0,1,0,70232,2,0,0.0,1,0,0,0,50,True,0,Aaron,Cresswell,Aaron_Cresswell,2020,2,19.0,0,0,0,1,0,2,-2,1,2,0,18,1,1,3,1,0,0,3,0,3,1,2,0
0,0,-1,0,1.6,436,6,1,0,3.0,2.8,2020-09-12T19:00:00Z,23,14,0,0,0,0,1,0,14140,2,0,26.0,0,0,0,0,60,True,1,Andriy,Yarmolenko,Andriy_Yarmolenko,2020,3,19.0,0,0,0,1,0,2,-2,1,2,0,18,1,1,3,1,0,0,3,0,3,1,2,0
0,0,0,0,11.8,437,6,2,0,8.0,5.4,2020-09-12T19:00:00Z,90,14,0,0,0,0,1,0,642088,2,0,63.0,2,0,0,0,65,True,0,Michail,Antonio,Michail_Antonio,2020,4,19.0,0,0,0,1,0,2,-2,1,2,0,18,1,1,3,1,0,0,3,0,3,1,2,0
0,0,14,0,62.3,438,6,2,0,8.4,19.4,2020-09-12T19:00:00Z,90,14,0,0,0,0,1,0,41931,2,0,2.0,0,0,0,0,45,True,1,Ryan,Fredericks,Ryan_Fredericks,2020,2,19.0,0,0,0,1,0,2,-2,1,2,0,18,1,1,3,1,0,0,3,0,3,1,2,0
0,0,0,0,0.0,439,6,0,0,0.0,0.0,2020-09-12T19:00:00Z,0,14,0,0,0,0,1,0,2974,2,0,0.0,0,0,0,0,65,True,0,Manuel,Lanzini,Manuel_Lanzini,2020,3,19.0,0,0,0,1,0,2,-2,1,2,0,18,1,1,3,1,0,0,3,0,3,1,2,0
0,0,5,0,0.3,440,6,0,0,0.3,2.4,2020-09-12T19:00:00Z,1,14,0,0,0,0,1,0,32372,2,0,0.0,1,0,0,0,65,True,0,Felipe Anderson,Pereira Gomes,Felipe Anderson_Pereira Gomes,2020,3,19.0,0,0,0,1,0,2,-2,1,2,0,18,1,1,3,1,0,0,3,0,3,1,2,0
0,0,2,0,10.7,441,6,1,0,4.1,2.4,2020-09-12T19:00:00Z,23,14,0,0,0,0,1,0,35853,2,0,28.0,1,0,0,0,65,True,0,Sébastien,Haller,Sébastien_Haller,2020,4,19.0,0,0,0,1,0,2,-2,1,2,0,18,1,1,3,1,0,0,3,0,3,1,2,0
0,0,0,0,0.0,442,6,0,0,0.0,0.0,2020-09-12T19:00:00Z,0,14,0,0,0,0,1,0,15272,2,0,0.0,0,0,0,0,45,True,0,Arthur,Masuaku,Arthur_Masuaku,2020,2,19.0,0,0,0,1,0,2,-2,1,2,0,18,1,1,3,1,0,0,3,0,3,1,2,0
0,0,0,0,0.0,443,6,0,0,0.0,0.0,2020-09-12T19:00:00Z,0,14,0,0,0,0,1,0,11269,2,0,0.0,0,0,0,0,45,True,0,Fabián,Balbuena,Fabián_Balbuena,2020,2,19.0,0,0,0,1,0,2,-2,1,2,0,18,1,1,3,1,0,0,3,0,3,1,2,0
0,0,0,0,0.0,444,6,0,0,0.0,0.0,2020-09-12T19:00:00Z,0,14,0,0,0,0,1,0,544,2,0,0.0,0,0,0,0,55,True,0,Jordan,Hugill,Jordan_Hugill,2020,4,19.0,0,0,0,1,0,2,-2,1,2,0,18,1,1,3,1,0,0,3,0,3,1,2,0
0,0,5,0,2.6,445,6,2,0,1.6,1.8,2020-09-12T19:00:00Z,88,14,0,0,0,0,1,0,94805,2,0,12.0,2,0,0,0,65,True,0,Jarrod,Bowen,Jarrod_Bowen,2020,3,19.0,0,0,0,1,0,2,-2,1,2,0,18,1,1,3,1,0,0,3,0,3,1,2,0
0,0,3,0,12.8,446,5,3,0,2.7,4.8,2020-09-13T13:00:00Z,90,9,0,0,0,0,1,0,37744,3,0,9.0,2,0,0,0,55,True,0,Grady,Diangana,Grady_Diangana,2020,3,18.0,0,0,0,1,0,3,-3,1,1,0,20,7,8,3,1,0,0,1,0,1,1,0,0
0,0,0,0,0.0,447,6,0,0,0.0,0.0,2020-09-12T19:00:00Z,0,14,0,0,0,0,1,0,409,2,0,0.0,0,0,0,0,55,True,0,Albian,Ajeti,Albian_Ajeti,2020,4,19.0,0,0,0,1,0,2,-2,1,2,0,18,1,1,3,1,0,0,3,0,3,1,2,0
0,0,15,0,14.5,448,6,2,0,4.4,21.6,2020-09-12T19:00:00Z,90,14,0,0,0,0,1,0,305763,2,0,8.0,2,0,0,0,50,True,0,Declan,Rice,Declan_Rice,2020,3,19.0,0,0,0,1,0,2,-2,1,2,0,18,1,1,3,1,0,0,3,0,3,1,2,0
0,0,7,0,21.6,449,6,2,0,8.0,12.4,2020-09-12T19:00:00Z,90,14,0,0,0,0,1,0,367903,2,0,46.0,2,0,0,0,50,True,0,Tomas,Soucek,Tomas_Soucek,2020,3,19.0,0,0,0,1,0,2,-2,1,2,0,18,1,1,3,1,0,0,3,0,3,1,2,0
0,0,8,0,1.9,450,6,1,0,2.5,4.6,2020-09-12T19:00:00Z,66,14,0,0,0,0,1,0,6389,2,0,18.0,2,0,0,0,65,True,0,Pablo,Fornals,Pablo_Fornals,2020,3,19.0,0,0,0,1,0,2,-2,1,2,0,18,1,1,3,1,0,0,3,0,3,1,2,0
0,0,15,0,0.9,451,6,2,0,2.6,24.6,2020-09-12T19:00:00Z,90,14,0,0,0,0,1,0,101787,2,0,0.0,1,0,0,0,45,True,0,Issa,Diop,Issa_Diop,2020,2,19.0,0,0,0,1,0,2,-2,1,2,0,18,1,1,3,1,0,0,3,0,3,1,2,0
0,0,0,0,0.0,452,6,0,0,0.0,0.0,2020-09-12T19:00:00Z,0,14,0,0,0,0,1,0,161367,2,0,0.0,0,0,0,0,40,True,0,Ben,Johnson,Ben_Johnson,2020,2,19.0,0,0,0,1,0,2,-2,1,2,0,18,1,1,3,1,0,0,3,0,3,1,2,0
0,0,0,0,0.0,453,8,0,0,0.0,0.0,2020-09-14T17:00:00Z,0,15,0,0,0,0,1,0,20303,2,0,0.0,0,0,0,0,45,False,0,John,Ruddy,John_Ruddy,2020,1,20.0,3,1,0,0,2,0,2,1,1,0,5,12,11,0,0,0,0,0,0,0,0,0,0
0,0,16,1,49.1,454,8,0,0,6.7,17.4,2020-09-14T17:00:00Z,85,15,0,0,0,0,1,0,202859,2,0,0.0,3,0,0,0,55,False,0,João Filipe Iria,Santos Moutinho,João Filipe Iria_Santos Moutinho,2020,3,20.0,3,1,0,0,2,0,2,1,1,0,5,12,11,0,0,0,0,0,0,0,0,0,0
0,0,23,1,0.0,455,8,0,0,1.1,11.2,2020-09-14T17:00:00Z,90,15,0,0,0,0,1,1,375930,2,0,0.0,6,0,0,0,55,False,0,Rui Pedro,dos Santos Patrício,Rui Pedro_dos Santos Patrício,2020,1,20.0,3,1,0,0,2,0,2,1,1,0,5,12,11,0,0,0,0,0,0,0,0,0,0
0,0,0,0,0.0,456,8,0,0,0.0,0.0,2020-09-14T17:00:00Z,0,15,0,0,0,0,1,0,25352,2,0,0.0,0,0,0,0,45,False,0,Ryan,Bennett,Ryan_Bennett,2020,2,20.0,3,1,0,0,2,0,2,1,1,0,5,12,11,0,0,0,0,0,0,0,0,0,0
0,0,6,0,3.5,457,4,1,0,5.9,20.0,2020-09-13T15:30:00Z,75,7,0,0,0,0,1,0,1485702,1,0,35.0,2,0,0,0,60,True,0,Matt,Doherty,Matt_Doherty,2020,2,17.0,0,0,0,1,0,1,-1,1,1,0,15,16,14,0,0,0,1,0,1,-1,1,1,0
0,0,25,1,0.2,458,8,0,0,2.2,21.6,2020-09-14T17:00:00Z,90,15,0,0,0,0,1,0,138741,2,0,0.0,6,0,0,0,55,False,0,Willy,Boly,Willy_Boly,2020,2,20.0,3,1,0,0,2,0,2,1,1,0,5,12,11,0,0,0,0,0,0,0,0,0,0
0,2,29,1,0.0,459,8,0,0,2.2,22.0,2020-09-14T17:00:00Z,90,15,0,0,0,0,1,0,556410,2,0,0.0,8,0,0,0,50,False,0,Conor,Coady,Conor_Coady,2020,2,20.0,3,1,0,0,2,0,2,1,1,0,5,12,11,0,0,0,0,0,0,0,0,0,0
0,2,29,1,8.5,460,8,0,1,9.8,41.2,2020-09-14T17:00:00Z,90,15,0,0,0,0,1,0,1082647,2,0,48.0,8,0,0,0,85,False,0,Raúl,Jiménez,Raúl_Jiménez,2020,4,20.0,3,1,0,0,2,0,2,1,1,0,5,12,11,0,0,0,0,0,0,0,0,0,0
0,3,34,1,0.2,461,8,0,1,10.2,63.4,2020-09-14T17:00:00Z,90,15,0,0,0,0,1,0,177607,2,0,38.0,15,0,0,0,50,False,0,Romain,Saïss,Romain_Saïss,2020,2,20.0,3,1,0,0,2,0,2,1,1,0,5,12,11,0,0,0,0,0,0,0,0,0,0
0,0,0,0,0.0,462,8,0,0,0.0,0.0,2020-09-14T17:00:00Z,0,15,0,0,0,0,1,0,2930,2,0,0.0,0,0,0,0,55,False,0,Jonathan,Castro Otto,Jonathan_Castro Otto,2020,2,20.0,3,1,0,0,2,0,2,1,1,0,5,12,11,0,0,0,0,0,0,0,0,0,0
0,0,0,0,0.0,463,8,0,0,0.0,0.0,2020-09-14T17:00:00Z,0,15,0,0,0,0,1,0,18422,2,0,0.0,0,0,0,0,50,False,0,Léo,Bonatini,Léo_Bonatini,2020,4,20.0,3,1,0,0,2,0,2,1,1,0,5,12,11,0,0,0,0,0,0,0,0,0,0
0,0,11,1,15.4,464,8,0,0,3.6,16.4,2020-09-14T17:00:00Z,90,15,0,0,0,0,1,0,145802,2,0,4.0,3,0,0,0,50,False,0,Leander,Dendoncker,Leander_Dendoncker,2020,3,20.0,3,1,0,0,2,0,2,1,1,0,5,12,11,0,0,0,0,0,0,0,0,0,0
0,0,6,1,1.8,465,8,0,0,3.2,12.8,2020-09-14T17:00:00Z,90,15,0,0,0,0,1,0,1189095,2,0,17.0,3,0,0,0,65,False,0,Adama,Traoré,Adama_Traoré,2020,3,20.0,3,1,0,0,2,0,2,1,1,0,5,12,11,0,0,0,0,0,0,0,0,0,0
0,0,4,0,10.3,466,8,0,0,1.6,5.6,2020-09-14T17:00:00Z,14,15,0,0,0,0,1,0,158296,2,0,0.0,1,0,0,0,55,False,0,Rúben Diogo,da Silva Neves,Rúben Diogo_da Silva Neves,2020,3,20.0,3,1,0,0,2,0,2,1,1,0,5,12,11,0,0,0,0,0,0,0,0,0,0
0,0,2,0,0.5,467,8,0,0,0.1,0.6,2020-09-14T17:00:00Z,22,15,0,0,0,0,1,0,106766,2,0,0.0,1,0,0,0,40,False,0,Oskar,Buur,Oskar_Buur,2020,2,20.0,3,1,0,0,2,0,2,1,1,0,5,12,11,0,0,0,0,0,0,0,0,0,0
0,0,0,0,0.0,468,8,0,0,0.0,0.0,2020-09-14T17:00:00Z,0,15,0,0,0,0,1,0,215812,2,0,0.0,0,0,0,0,65,False,0,Diogo,Jota,Diogo_Jota,2020,3,11.0,3,1,0,0,4,3,1,1,1,0,6,5,3,3,1,0,0,3,1,2,1,0,0
1,0,23,1,18.3,469,8,0,0,4.4,25.8,2020-09-14T17:00:00Z,75,15,0,0,0,0,1,0,17314,2,0,0.0,6,0,0,0,55,False,0,Daniel,Castelo Podence,Daniel_Castelo Podence,2020,3,20.0,3,1,0,0,2,0,2,1,1,0,5,12,11,0,0,0,0,0,0,0,0,0,0
0,0,0,0,0.0,470,8,0,0,0.0,0.0,2020-09-14T17:00:00Z,0,15,0,0,0,0,1,0,108444,2,0,0.0,0,0,0,0,40,False,0,Max,Kilman,Max_Kilman,2020,2,20.0,3,1,0,0,2,0,2,1,1,0,5,12,11,0,0,0,0,0,0,0,0,0,0
0,0,0,0,0.0,471,8,0,0,0.0,0.0,2020-09-14T17:00:00Z,0,15,0,0,0,0,1,0,618483,2,0,0.0,0,0,0,0,45,False,0,Rúben Gonçalo,Silva Nascimento Vinagre,Rúben Gonçalo_Silva Nascimento Vinagre,2020,2,20.0,3,1,0,0,2,0,2,1,1,0,5,12,11,0,0,0,0,0,0,0,0,0,0
0,0,0,0,0.0,472,8,0,0,0.0,0.0,2020-09-14T17:00:00Z,0,15,0,0,0,0,1,0,9380,2,0,0.0,0,0,0,0,45,False,0,Matija,Sarkic,Matija_Sarkic,2020,1,20.0,3,1,0,0,2,0,2,1,1,0,5,12,11,0,0,0,0,0,0,0,0,0,0
0,0,0,0,0.0,473,8,0,0,0.0,0.0,2020-09-14T17:00:00Z,0,15,0,0,0,0,1,0,522,2,0,0.0,0,0,0,0,50,False,0,Morgan,Gibbs-White,Morgan_Gibbs-White,2020,3,20.0,3,1,0,0,2,0,2,1,1,0,5,12,11,0,0,0,0,0,0,0,0,0,0
1,0,18,1,15.8,474,8,0,0,4.0,19.8,2020-09-14T17:00:00Z,67,15,0,0,0,0,1,0,13748,2,0,4.0,6,0,0,0,55,False,0,Pedro,Lomba Neto,Pedro_Lomba Neto,2020,3,20.0,3,1,0,0,2,0,2,1,1,0,5,12,11,0,0,0,0,0,0,0,0,0,0
0,0,0,0,0.0,475,8,0,0,0.0,0.0,2020-09-14T17:00:00Z,0,15,0,0,0,0,1,0,35928,2,0,0.0,0,0,0,0,45,False,0,Bruno André,Cavaco Jordao,Bruno André_Cavaco Jordao,2020,3,20.0,3,1,0,0,2,0,2,1,1,0,5,12,11,0,0,0,0,0,0,0,0,0,0
0,0,0,0,0.0,476,8,0,0,0.0,0.0,2020-09-14T17:00:00Z,0,15,0,0,0,0,1,0,17621,2,0,0.0,0,0,0,0,50,False,0,Leonardo,Campana,Leonardo_Campana,2020,4,20.0,3,1,0,0,2,0,2,1,1,0,5,12,11,0,0,0,0,0,0,0,0,0,0
0,0,0,0,0.0,477,8,0,0,0.0,0.0,2020-09-14T17:00:00Z,0,20,0,0,0,0,1,0,433,2,0,0.0,0,0,0,0,50,True,0,Luke,Freeman,Luke_Freeman,2020,3,15.0,0,0,0,1,0,2,-2,1,2,0,17,2,9,0,0,0,0,0,0,0,0,0,0
3,2,35,1,38.0,478,2,0,0,11.5,38.6,2020-09-12T11:30:00Z,74,8,0,0,0,0,1,0,473242,3,0,38.0,14,0,0,0,80,False,0,Willian,Borges Da Silva,Willian_Borges Da Silva,2020,3,1.0,3,1,0,0,3,0,3,1,2,0,1,19,18,0,0,0,1,0,2,-2,1,2,0
0,0,0,0,0.0,479,1,0,0,0.0,0.0,2020-09-12T14:00:00Z,0,6,0,0,0,0,1,0,22240,0,1,0.0,0,0,0,0,45,False,0,Mohammed,Salisu,Mohammed_Salisu,2020,2,16.0,0,0,0,1,0,1,-1,1,1,0,14,17,15,0,0,0,1,0,1,-1,1,1,0
0,0,3,0,0.3,480,6,0,0,0.1,1.0,2020-09-12T19:00:00Z,2,19,0,0,0,0,1,0,7807,2,0,0.0,1,0,0,0,50,False,0,Sean,Longstaff,Sean_Longstaff,2020,3,14.0,3,1,0,0,2,0,2,1,2,0,4,3,16,0,0,0,1,1,3,-2,1,1,0
0,0,9,0,14.7,481,5,3,0,4.9,8.6,2020-09-13T13:00:00Z,90,9,0,0,0,0,1,0,182852,3,0,26.0,2,0,0,0,60,True,0,Matheus,Pereira,Matheus_Pereira,2020,3,18.0,0,0,0,1,0,3,-3,1,1,0,20,7,8,3,1,0,0,1,0,1,1,0,0
0,0,0,0,0.0,482,4,0,0,0.0,0.0,2020-09-13T15:30:00Z,0,7,0,0,0,0,1,0,55692,1,0,0.0,0,0,0,0,45,True,0,Joe,Hart,Joe_Hart,2020,1,17.0,0,0,0,1,0,1,-1,1,1,0,15,16,14,0,0,0,1,0,1,-1,1,1,0
0,0,12,0,0.0,483,8,2,0,1.8,18.2,2020-09-14T17:00:00Z,90,20,0,0,0,0,1,2,462939,2,0,0.0,1,0,0,0,50,True,0,Aaron,Ramsdale,Aaron_Ramsdale,2020,1,15.0,0,0,0,1,0,2,-2,1,2,0,17,2,9,0,0,0,0,0,0,0,0,0,0
0,0,0,0,0.0,484,2,0,0,0.0,0.0,2020-09-12T11:30:00Z,0,1,0,0,0,0,1,0,7957,3,0,0.0,0,0,0,0,45,True,0,Antonee,Robinson,Antonee_Robinson,2020,2,8.0,0,0,0,1,0,3,-3,1,2,0,19,10,13,0,0,0,1,3,4,-1,1,0,0
1,3,41,1,13.4,485,6,0,1,10.3,67.0,2020-09-12T19:00:00Z,90,19,0,0,0,0,1,0,6679,2,0,23.0,14,0,0,0,50,False,0,Jeff,Hendrick,Jeff_Hendrick,2020,3,14.0,3,1,0,0,2,0,2,1,2,0,4,3,16,0,0,0,1,1,3,-2,1,1,0
0,1,24,1,0.4,486,1,0,0,2.4,15.6,2020-09-12T14:00:00Z,90,16,0,0,0,0,1,0,18959,0,1,8.0,7,0,0,0,45,True,0,Scott,Dann,Scott_Dann,2020,2,6.0,3,1,0,0,1,0,1,1,2,0,7,13,12,0,0,0,0,0,0,0,0,0,0
0,0,0,0,0.0,487,6,0,0,0.0,0.0,2020-09-12T19:00:00Z,0,19,0,0,0,0,1,0,3122,2,0,0.0,0,0,0,0,50,False,0,Matthew,Longstaff,Matthew_Longstaff,2020,3,14.0,3,1,0,0,2,0,2,1,2,0,4,3,16,0,0,0,1,1,3,-2,1,1,0
0,0,0,0,0.0,488,6,0,0,0.0,0.0,2020-09-12T19:00:00Z,0,19,0,0,0,0,1,0,5313,2,0,0.0,0,0,0,0,45,False,0,Mark,Gillespie,Mark_Gillespie,2020,1,14.0,3,1,0,0,2,0,2,1,2,0,4,3,16,0,0,0,1,1,3,-2,1,1,0
0,0,3,0,8.8,489,1,0,0,1.7,4.4,2020-09-12T14:00:00Z,9,16,0,0,0,0,1,0,33257,0,1,4.0,1,0,0,0,60,True,0,Eberechi,Eze,Eberechi_Eze,2020,3,6.0,3,1,0,0,1,0,1,1,2,0,7,13,12,0,0,0,0,0,0,0,0,0,0
0,0,0,0,0.0,490,7,0,0,0.0,0.0,2020-09-14T19:15:00Z,0,3,0,0,0,0,1,0,179186,3,1,0.0,0,0,0,0,55,False,0,Thiago,Thiago,Thiago_Thiago,2020,2,5.0,3,1,0,0,3,1,2,1,0,0,3,11,6,3,1,0,0,4,3,1,1,1,0
0,0,14,0,0.2,491,3,4,0,4.2,23.4,2020-09-12T16:30:00Z,90,11,0,0,0,0,1,0,33230,3,4,18.0,0,0,0,0,45,False,0,Robin,Koch,Robin_Koch,2020,2,10.0,0,0,0,1,3,4,-1,1,0,0,13,8,19,0,0,0,1,0,3,-3,1,2,0
0,0,0,0,0.3,492,3,1,0,0.0,0.0,2020-09-12T16:30:00Z,28,11,0,0,0,0,1,0,462199,3,4,0.0,1,0,0,0,60,False,0,Rodrigo,Moreno,Rodrigo_Moreno,2020,4,10.0,0,0,0,1,3,4,-1,1,0,0,13,8,19,0,0,0,1,0,3,-3,1,2,0
0,0,0,0,0.0,493,2,0,0,0.0,0.0,2020-09-12T11:30:00Z,0,1,0,0,0,0,1,0,76220,3,0,0.0,0,0,0,0,45,True,0,Mario,Lemina,Mario_Lemina,2020,3,8.0,0,0,0,1,0,3,-3,1,2,0,19,10,13,0,0,0,1,3,4,-1,1,0,0
0,3,37,1,0.3,494,2,0,1,8.5,51.8,2020-09-12T11:30:00Z,90,8,0,0,0,0,1,0,85593,3,0,33.0,15,0,0,0,50,False,0,Gabriel,Magalhães,Gabriel_Magalhães,2020,2,1.0,3,1,0,0,3,0,3,1,2,0,1,19,18,0,0,0,1,0,2,-2,1,2,0
0,0,0,0,0.0,497,6,0,0,0.0,0.0,2020-09-12T19:00:00Z,0,19,0,0,0,0,1,0,2064,2,0,0.0,0,0,0,0,50,False,0,Jacob,Murphy,Jacob_Murphy,2020,3,14.0,3,1,0,0,2,0,2,1,2,0,4,3,16,0,0,0,1,1,3,-2,1,1,0
0,2,38,1,3.0,498,5,0,1,8.4,45.8,2020-09-13T13:00:00Z,90,18,0,0,0,0,1,0,67356,3,0,35.0,14,0,0,0,55,False,0,Timothy,Castagne,Timothy_Castagne,2020,2,9.0,3,1,0,0,3,0,3,1,1,0,2,4,10,0,0,0,0,0,0,0,0,0,0
0,0,0,0,0.0,499,5,0,0,0.0,0.0,2020-09-13T13:00:00Z,0,9,0,0,0,0,1,0,4451,3,0,0.0,0,0,0,0,45,True,0,Cedric,Kipre,Cedric_Kipre,2020,2,18.0,0,0,0,1,0,3,-3,1,1,0,20,7,8,3,1,0,0,1,0,1,1,0,0
0,0,8,0,14.8,500,7,1,0,2.3,8.4,2020-09-14T19:15:00Z,79,3,0,0,0,0,1,0,755977,3,1,0.0,2,0,0,0,85,False,0,Kai,Havertz,Kai_Havertz,2020,3,5.0,3,1,0,0,3,1,2,1,0,0,3,11,6,3,1,0,0,4,3,1,1,1,0
0,0,6,0,1.3,501,2,0,0,1.1,5.2,2020-09-12T11:30:00Z,12,8,0,0,0,0,1,0,115657,3,0,4.0,1,0,0,0,50,False,0,Daniel,Ceballos Fernández,Daniel_Ceballos Fernández,2020,3,1.0,3,1,0,0,3,0,3,1,2,0,1,19,18,0,0,0,1,0,2,-2,1,2,0
0,0,16,1,3.4,502,4,0,0,2.1,18.0,2020-09-13T15:30:00Z,90,17,0,0,0,0,1,0,75335,1,0,0.0,3,0,0,0,55,False,0,Allan,Marques Loureiro,Allan_Marques Loureiro,2020,3,7.0,3,1,0,0,1,0,1,1,0,0,8,18,20,0,0,0,1,0,3,-3,1,1,0
0,0,0,0,0.0,503,7,0,0,0.0,0.0,2020-09-14T19:15:00Z,0,5,0,0,0,0,1,0,107597,3,1,0.0,0,0,0,0,40,True,0,Christian,Walton,Christian_Walton,2020,1,3.0,0,0,0,1,1,3,-2,1,1,0,16,14,4,3,1,0,0,2,0,2,1,2,0
0,0,0,0,0.0,504,8,0,0,0.0,0.0,2020-09-14T17:00:00Z,0,15,0,0,0,0,1,0,75604,2,0,0.0,0,0,0,0,55,False,0,Fabio,Silva,Fabio_Silva,2020,4,20.0,3,1,0,0,2,0,2,1,1,0,5,12,11,0,0,0,0,0,0,0,0,0,0
0,0,21,1,1.5,505,8,0,0,1.7,15.2,2020-09-14T17:00:00Z,90,15,0,0,0,0,1,0,15739,2,0,0.0,5,0,0,0,50,False,1,Fernando,Marçal,Fernando_Marçal,2020,2,20.0,3,1,0,0,2,0,2,1,1,0,5,12,11,0,0,0,0,0,0,0,0,0,0
0,2,32,1,23.3,506,6,0,1,10.5,32.0,2020-09-12T19:00:00Z,84,19,0,0,0,0,1,0,538610,2,0,50.0,8,0,0,0,65,False,0,Callum,Wilson,Callum_Wilson,2020,4,14.0,3,1,0,0,2,0,2,1,2,0,4,3,16,0,0,0,1,1,3,-2,1,1,0
0,0,0,0,0.0,507,6,0,0,0.0,0.0,2020-09-12T19:00:00Z,0,19,0,0,0,0,1,0,65008,2,0,0.0,0,0,0,0,60,False,0,Ryan,Fraser,Ryan_Fraser,2020,3,14.0,3,1,0,0,2,0,2,1,2,0,4,3,16,0,0,0,1,1,3,-2,1,1,0
0,0,16,1,58.6,508,4,0,0,9.9,17.0,2020-09-13T15:30:00Z,90,17,0,0,0,0,1,0,471986,1,0,23.0,3,0,0,0,75,False,0,James,Rodríguez,James_Rodríguez,2020,3,7.0,3,1,0,0,1,0,1,1,0,0,8,18,20,0,0,0,1,0,3,-3,1,1,0
0,0,0,0,0.0,509,8,0,0,0.0,0.0,2020-09-14T17:00:00Z,0,20,0,0,0,0,1,0,51564,2,0,0.0,0,0,0,0,45,True,0,Ethan,Ampadu,Ethan_Ampadu,2020,2,15.0,0,0,0,1,0,2,-2,1,2,0,17,2,9,0,0,0,0,0,0,0,0,0,0
0,0,0,0,0.0,510,8,0,0,0.0,0.0,2020-09-14T17:00:00Z,0,20,0,0,0,0,1,0,7325,2,0,0.0,0,0,0,0,45,True,0,Jayden,Bogle,Jayden_Bogle,2020,2,15.0,0,0,0,1,0,2,-2,1,2,0,17,2,9,0,0,0,0,0,0,0,0,0,0
0,0,0,0,0.0,511,8,0,0,0.0,0.0,2020-09-14T17:00:00Z,0,20,0,0,0,0,1,0,4284,2,0,0.0,0,0,0,0,45,True,0,Max,Lowe,Max_Lowe,2020,2,15.0,0,0,0,1,0,2,-2,1,2,0,17,2,9,0,0,0,0,0,0,0,0,0,0
0,0,20,1,44.6,512,4,0,0,6.9,20.4,2020-09-13T15:30:00Z,90,17,0,0,0,0,1,0,143040,1,0,4.0,3,0,0,0,55,False,0,Abdoulaye,Doucouré,Abdoulaye_Doucouré,2020,3,7.0,3,1,0,0,1,0,1,1,0,0,8,18,20,0,0,0,1,0,3,-3,1,1,0
0,1,31,1,39.8,513,6,0,0,5.9,19.4,2020-09-12T19:00:00Z,90,19,0,0,0,0,1,0,76806,2,0,0.0,7,0,0,0,45,False,0,Jamal,Lewis,Jamal_Lewis,2020,2,14.0,3,1,0,0,2,0,2,1,2,0,4,3,16,0,0,0,1,1,3,-2,1,1,0
0,0,4,0,0.8,515,8,0,0,0.2,1.2,2020-09-14T17:00:00Z,4,15,0,0,0,0,1,0,2432,2,0,0.0,1,0,0,0,50,False,0,Vitor,Ferreira,Vitor_Ferreira,2020,3,20.0,3,1,0,0,2,0,2,1,1,0,5,12,11,0,0,0,0,0,0,0,0,0,0
0,0,0,0,0.0,516,2,0,0,0.0,0.0,2020-09-12T11:30:00Z,0,1,0,0,0,0,1,0,71203,3,0,0.0,0,0,0,0,45,True,0,Alphonse,Areola,Alphonse_Areola,2020,1,8.0,0,0,0,1,0,3,-3,1,2,0,19,10,13,0,0,0,1,3,4,-1,1,0,0
0,0,0,0,0.0,517,2,0,0,0.0,0.0,2020-09-12T11:30:00Z,0,1,0,0,0,0,1,0,7610,3,0,0.0,0,0,0,0,45,True,0,Kenny,Tete,Kenny_Tete,2020,2,8.0,0,0,0,1,0,3,-3,1,2,0,19,10,13,0,0,0,1,3,4,-1,1,0,0
0,0,11,1,3.5,518,5,0,0,1.3,9.8,2020-09-13T13:00:00Z,90,18,0,0,0,0,1,0,17814,3,0,0.0,3,0,0,0,45,False,0,Nampalys,Mendy,Nampalys_Mendy,2020,3,9.0,3,1,0,0,3,0,3,1,1,0,2,4,10,0,0,0,0,0,0,0,0,0,0
0,0,0,0,0.0,521,4,0,0,0.0,0.0,2020-09-13T15:30:00Z,0,7,0,0,0,0,1,0,14540,1,0,0.0,0,0,0,0,40,True,0,Cameron,Carter-Vickers,Cameron_Carter-Vickers,2020,2,17.0,0,0,0,1,0,1,-1,1,1,0,15,16,14,0,0,0,1,0,1,-1,1,1,0
0,0,0,0,0.0,522,1,0,0,0.0,0.0,2020-09-12T14:00:00Z,0,16,0,0,0,0,1,0,0,0,1,0.0,0,0,0,0,40,True,0,Sam,Woods,Sam_Woods,2020,2,6.0,3,1,0,0,1,0,1,1,2,0,7,13,12,0,0,0,0,0,0,0,0,0,0
0,0,0,0,0.0,523,1,0,0,0.0,0.0,2020-09-12T14:00:00Z,0,6,0,0,0,0,1,0,0,0,1,0.0,0,0,0,0,40,False,0,Fraser,Forster,Fraser_Forster,2020,1,16.0,0,0,0,1,0,1,-1,1,1,0,14,17,15,0,0,0,1,0,1,-1,1,1,0
0,0,0,0,0.0,524,1,0,0,0.0,0.0,2020-09-12T14:00:00Z,0,6,0,0,0,0,1,0,0,0,1,0.0,0,0,0,0,45,False,0,Nathan,Tella,Nathan_Tella,2020,3,16.0,0,0,0,1,0,1,-1,1,1,0,14,17,15,0,0,0,1,0,1,-1,1,1,0
0,0,12,0,2.6,525,2,3,0,2.1,11.4,2020-09-12T11:30:00Z,90,1,0,0,0,0,1,0,0,3,0,7.0,1,0,0,0,45,True,0,Denis,Odoi,Denis_Odoi,2020,2,8.0,0,0,0,1,0,3,-3,1,2,0,19,10,13,0,0,0,1,3,4,-1,1,0,0
0,0,15,1,3.8,526,2,0,0,3.2,10.6,2020-09-12T11:30:00Z,90,8,0,0,0,0,1,0,0,3,0,18.0,3,0,0,0,45,False,0,Mohamed Naser,El Sayed Elneny,Mohamed Naser_El Sayed Elneny,2020,3,1.0,3,1,0,0,3,0,3,1,2,0,1,19,18,0,0,0,1,0,2,-2,1,2,0
0,0,0,0,0.0,527,2,0,0,0.0,0.0,2020-09-12T11:30:00Z,0,8,0,0,0,0,1,0,0,3,0,0.0,0,0,0,0,40,False,0,Matt,Macey,Matt_Macey,2020,1,1.0,3,1,0,0,3,0,3,1,2,0,1,19,18,0,0,0,1,0,2,-2,1,2,0
0,0,0,0,0.0,528,7,0,0,0.0,0.0,2020-09-14T19:15:00Z,0,5,0,0,0,0,1,0,0,3,1,0.0,0,0,0,0,40,True,0,Jason,Steele,Jason_Steele,2020,1,3.0,0,0,0,1,1,3,-2,1,1,0,16,14,4,3,1,0,0,2,0,2,1,2,0
0,0,0,0,0.0,529,8,0,0,0.0,0.0,2020-09-14T17:00:00Z,0,20,0,0,0,0,1,0,0,2,0,0.0,0,0,0,0,40,True,0,Phil,Jagielka,Phil_Jagielka,2020,2,15.0,0,0,0,1,0,2,-2,1,2,0,17,2,9,0,0,0,0,0,0,0,0,0,0
